exp,meson,target,observable,Q2,xB,t,value,stat,syst,Ebeam,in_fit,source
CLAS6_demasi,pi0,p,A_LU^sinphi,1.3,0.141,-0.154,0.0311,0.0187,,5.776,no,superseded by the phi distributions on the bsa_phi sheet; these were digitised from figure 5 and their errors are 1.5 times too small
CLAS6_demasi,pi0,p,A_LU^sinphi,1.3,0.141,-0.3,0.0856,0.0109,,5.776,no,superseded by the phi distributions on the bsa_phi sheet; these were digitised from figure 5 and their errors are 1.5 times too small
CLAS6_demasi,pi0,p,A_LU^sinphi,1.3,0.141,-0.489,0.0794,0.014,,5.776,no,superseded by the phi distributions on the bsa_phi sheet; these were digitised from figure 5 and their errors are 1.5 times too small
CLAS6_demasi,pi0,p,A_LU^sinphi,1.3,0.141,-0.78,0.0218,0.014,,5.776,no,superseded by the phi distributions on the bsa_phi sheet; these were digitised from figure 5 and their errors are 1.5 times too small
CLAS6_demasi,pi0,p,A_LU^sinphi,1.3,0.141,-1.277,0.0529,0.0249,,5.776,no,superseded by the phi distributions on the bsa_phi sheet; these were digitised from figure 5 and their errors are 1.5 times too small
CLAS6_demasi,pi0,p,A_LU^sinphi,1.35,0.191,-0.147,0.0917,0.0142,,5.776,no,superseded by the phi distributions on the bsa_phi sheet; these were digitised from figure 5 and their errors are 1.5 times too small
CLAS6_demasi,pi0,p,A_LU^sinphi,1.35,0.191,-0.293,0.0822,0.0079,,5.776,no,superseded by the phi distributions on the bsa_phi sheet; these were digitised from figure 5 and their errors are 1.5 times too small
CLAS6_demasi,pi0,p,A_LU^sinphi,1.35,0.191,-0.491,0.1107,0.0142,,5.776,no,superseded by the phi distributions on the bsa_phi sheet; these were digitised from figure 5 and their errors are 1.5 times too small
CLAS6_demasi,pi0,p,A_LU^sinphi,1.35,0.191,-0.776,0.0506,0.0158,,5.776,no,superseded by the phi distributions on the bsa_phi sheet; these were digitised from figure 5 and their errors are 1.5 times too small
CLAS6_demasi,pi0,p,A_LU^sinphi,1.35,0.191,-1.284,0.0332,0.0301,,5.776,no,superseded by the phi distributions on the bsa_phi sheet; these were digitised from figure 5 and their errors are 1.5 times too small
CLAS6_demasi,pi0,p,A_LU^sinphi,1.75,0.191,-0.147,0.0005,0.022,,5.776,no,superseded by the phi distributions on the bsa_phi sheet; these were digitised from figure 5 and their errors are 1.5 times too small
CLAS6_demasi,pi0,p,A_LU^sinphi,1.75,0.191,-0.293,0.093,0.011,,5.776,no,superseded by the phi distributions on the bsa_phi sheet; these were digitised from figure 5 and their errors are 1.5 times too small
CLAS6_demasi,pi0,p,A_LU^sinphi,1.75,0.191,-0.491,0.0805,0.0141,,5.776,no,superseded by the phi distributions on the bsa_phi sheet; these were digitised from figure 5 and their errors are 1.5 times too small
CLAS6_demasi,pi0,p,A_LU^sinphi,1.75,0.191,-0.767,0.0507,0.0157,,5.776,no,superseded by the phi distributions on the bsa_phi sheet; these were digitised from figure 5 and their errors are 1.5 times too small
CLAS6_demasi,pi0,p,A_LU^sinphi,1.75,0.191,-1.284,0.0334,0.0267,,5.776,no,superseded by the phi distributions on the bsa_phi sheet; these were digitised from figure 5 and their errors are 1.5 times too small
CLAS6_demasi,pi0,p,A_LU^sinphi,1.58,0.266,-0.15,0.0513,0.0128,,5.776,no,superseded by the phi distributions on the bsa_phi sheet; these were digitised from figure 5 and their errors are 1.5 times too small
CLAS6_demasi,pi0,p,A_LU^sinphi,1.58,0.266,-0.292,0.0833,0.0077,,5.776,no,superseded by the phi distributions on the bsa_phi sheet; these were digitised from figure 5 and their errors are 1.5 times too small
CLAS6_demasi,pi0,p,A_LU^sinphi,1.58,0.266,-0.49,0.1051,0.0128,,5.776,no,superseded by the phi distributions on the bsa_phi sheet; these were digitised from figure 5 and their errors are 1.5 times too small
CLAS6_demasi,pi0,p,A_LU^sinphi,1.58,0.266,-0.774,0.091,0.0141,,5.776,no,superseded by the phi distributions on the bsa_phi sheet; these were digitised from figure 5 and their errors are 1.5 times too small
CLAS6_demasi,pi0,p,A_LU^sinphi,1.58,0.266,-1.324,0.05,0.0192,,5.776,no,superseded by the phi distributions on the bsa_phi sheet; these were digitised from figure 5 and their errors are 1.5 times too small
CLAS6_demasi,pi0,p,A_LU^sinphi,2.07,0.266,-0.155,0.1148,0.017,,5.776,no,superseded by the phi distributions on the bsa_phi sheet; these were digitised from figure 5 and their errors are 1.5 times too small
CLAS6_demasi,pi0,p,A_LU^sinphi,2.07,0.266,-0.292,0.0939,0.0078,,5.776,no,superseded by the phi distributions on the bsa_phi sheet; these were digitised from figure 5 and their errors are 1.5 times too small
CLAS6_demasi,pi0,p,A_LU^sinphi,2.07,0.266,-0.49,0.0665,0.0117,,5.776,no,superseded by the phi distributions on the bsa_phi sheet; these were digitised from figure 5 and their errors are 1.5 times too small
CLAS6_demasi,pi0,p,A_LU^sinphi,2.07,0.266,-0.774,0.0718,0.013,,5.776,no,superseded by the phi distributions on the bsa_phi sheet; these were digitised from figure 5 and their errors are 1.5 times too small
CLAS6_demasi,pi0,p,A_LU^sinphi,2.07,0.266,-1.302,0.0796,0.0248,,5.776,no,superseded by the phi distributions on the bsa_phi sheet; these were digitised from figure 5 and their errors are 1.5 times too small
CLAS6_demasi,pi0,p,A_LU^sinphi,2.56,0.266,-0.155,0.0856,0.0281,,5.776,no,superseded by the phi distributions on the bsa_phi sheet; these were digitised from figure 5 and their errors are 1.5 times too small
CLAS6_demasi,pi0,p,A_LU^sinphi,2.56,0.266,-0.297,0.0818,0.0115,,5.776,no,superseded by the phi distributions on the bsa_phi sheet; these were digitised from figure 5 and their errors are 1.5 times too small
CLAS6_demasi,pi0,p,A_LU^sinphi,2.56,0.266,-0.494,0.0958,0.0153,,5.776,no,superseded by the phi distributions on the bsa_phi sheet; these were digitised from figure 5 and their errors are 1.5 times too small
CLAS6_demasi,pi0,p,A_LU^sinphi,2.56,0.266,-0.769,0.1009,0.0141,,5.776,no,superseded by the phi distributions on the bsa_phi sheet; these were digitised from figure 5 and their errors are 1.5 times too small
CLAS6_demasi,pi0,p,A_LU^sinphi,2.56,0.266,-1.298,0.0115,0.0217,,5.776,no,superseded by the phi distributions on the bsa_phi sheet; these were digitised from figure 5 and their errors are 1.5 times too small
CLAS6_demasi,pi0,p,A_LU^sinphi,1.88,0.377,-0.175,0.1244,0.0741,,5.776,no,superseded by the phi distributions on the bsa_phi sheet; these were digitised from figure 5 and their errors are 1.5 times too small
CLAS6_demasi,pi0,p,A_LU^sinphi,1.88,0.377,-0.308,0.1131,0.0226,,5.776,no,superseded by the phi distributions on the bsa_phi sheet; these were digitised from figure 5 and their errors are 1.5 times too small
CLAS6_demasi,pi0,p,A_LU^sinphi,1.88,0.377,-0.494,0.0942,0.0264,,5.776,no,superseded by the phi distributions on the bsa_phi sheet; these were digitised from figure 5 and their errors are 1.5 times too small
CLAS6_demasi,pi0,p,A_LU^sinphi,1.88,0.377,-0.777,0.029,0.0201,,5.776,no,superseded by the phi distributions on the bsa_phi sheet; these were digitised from figure 5 and their errors are 1.5 times too small
CLAS6_demasi,pi0,p,A_LU^sinphi,1.88,0.377,-1.321,0.0704,0.0176,,5.776,no,superseded by the phi distributions on the bsa_phi sheet; these were digitised from figure 5 and their errors are 1.5 times too small
CLAS6_demasi,pi0,p,A_LU^sinphi,2.38,0.377,-0.175,0.005,0.0542,,5.776,no,superseded by the phi distributions on the bsa_phi sheet; these were digitised from figure 5 and their errors are 1.5 times too small
CLAS6_demasi,pi0,p,A_LU^sinphi,2.38,0.377,-0.301,0.0831,0.0164,,5.776,no,superseded by the phi distributions on the bsa_phi sheet; these were digitised from figure 5 and their errors are 1.5 times too small
CLAS6_demasi,pi0,p,A_LU^sinphi,2.38,0.377,-0.494,0.0995,0.0202,,5.776,no,superseded by the phi distributions on the bsa_phi sheet; these were digitised from figure 5 and their errors are 1.5 times too small
CLAS6_demasi,pi0,p,A_LU^sinphi,2.38,0.377,-0.773,0.0932,0.0189,,5.776,no,superseded by the phi distributions on the bsa_phi sheet; these were digitised from figure 5 and their errors are 1.5 times too small
CLAS6_demasi,pi0,p,A_LU^sinphi,2.38,0.377,-1.325,0.0831,0.0189,,5.776,no,superseded by the phi distributions on the bsa_phi sheet; these were digitised from figure 5 and their errors are 1.5 times too small
CLAS6_demasi,pi0,p,A_LU^sinphi,2.88,0.377,-0.175,0.0063,0.0614,,5.776,no,superseded by the phi distributions on the bsa_phi sheet; these were digitised from figure 5 and their errors are 1.5 times too small
CLAS6_demasi,pi0,p,A_LU^sinphi,2.88,0.377,-0.301,0.1252,0.0138,,5.776,no,superseded by the phi distributions on the bsa_phi sheet; these were digitised from figure 5 and their errors are 1.5 times too small
CLAS6_demasi,pi0,p,A_LU^sinphi,2.88,0.377,-0.494,0.0964,0.0175,,5.776,no,superseded by the phi distributions on the bsa_phi sheet; these were digitised from figure 5 and their errors are 1.5 times too small
CLAS6_demasi,pi0,p,A_LU^sinphi,2.88,0.377,-0.77,0.0714,0.0175,,5.776,no,superseded by the phi distributions on the bsa_phi sheet; these were digitised from figure 5 and their errors are 1.5 times too small
CLAS6_demasi,pi0,p,A_LU^sinphi,2.88,0.377,-1.332,0.1152,0.0238,,5.776,no,superseded by the phi distributions on the bsa_phi sheet; these were digitised from figure 5 and their errors are 1.5 times too small
CLAS6_demasi,pi0,p,A_LU^sinphi,3.38,0.377,-0.179,0.0916,0.0892,,5.776,no,superseded by the phi distributions on the bsa_phi sheet; these were digitised from figure 5 and their errors are 1.5 times too small
CLAS6_demasi,pi0,p,A_LU^sinphi,3.38,0.377,-0.308,0.1201,0.0173,,5.776,no,superseded by the phi distributions on the bsa_phi sheet; these were digitised from figure 5 and their errors are 1.5 times too small
CLAS6_demasi,pi0,p,A_LU^sinphi,3.38,0.377,-0.494,0.1176,0.0173,,5.776,no,superseded by the phi distributions on the bsa_phi sheet; these were digitised from figure 5 and their errors are 1.5 times too small
CLAS6_demasi,pi0,p,A_LU^sinphi,3.38,0.377,-0.773,0.1189,0.0161,,5.776,no,superseded by the phi distributions on the bsa_phi sheet; these were digitised from figure 5 and their errors are 1.5 times too small
CLAS6_demasi,pi0,p,A_LU^sinphi,3.38,0.377,-1.314,0.0607,0.0235,,5.776,no,superseded by the phi distributions on the bsa_phi sheet; these were digitised from figure 5 and their errors are 1.5 times too small
CLAS6_demasi,pi0,p,A_LU^sinphi,2.76,0.482,-0.348,0.0542,0.0778,,5.776,no,superseded by the phi distributions on the bsa_phi sheet; these were digitised from figure 5 and their errors are 1.5 times too small
CLAS6_demasi,pi0,p,A_LU^sinphi,2.76,0.482,-0.503,0.0762,0.0464,,5.776,no,superseded by the phi distributions on the bsa_phi sheet; these were digitised from figure 5 and their errors are 1.5 times too small
CLAS6_demasi,pi0,p,A_LU^sinphi,2.76,0.482,-0.784,0.0793,0.0361,,5.776,no,superseded by the phi distributions on the bsa_phi sheet; these were digitised from figure 5 and their errors are 1.5 times too small
CLAS6_demasi,pi0,p,A_LU^sinphi,2.76,0.482,-1.316,0.0785,0.0346,,5.776,no,superseded by the phi distributions on the bsa_phi sheet; these were digitised from figure 5 and their errors are 1.5 times too small
CLAS6_demasi,pi0,p,A_LU^sinphi,3.55,0.508,-0.348,0.1231,0.0663,,5.776,no,superseded by the phi distributions on the bsa_phi sheet; these were digitised from figure 5 and their errors are 1.5 times too small
CLAS6_demasi,pi0,p,A_LU^sinphi,3.55,0.508,-0.506,0.0592,0.0363,,5.776,no,superseded by the phi distributions on the bsa_phi sheet; these were digitised from figure 5 and their errors are 1.5 times too small
CLAS6_demasi,pi0,p,A_LU^sinphi,3.55,0.508,-0.776,0.12,0.0268,,5.776,no,superseded by the phi distributions on the bsa_phi sheet; these were digitised from figure 5 and their errors are 1.5 times too small
CLAS6_demasi,pi0,p,A_LU^sinphi,3.55,0.508,-1.321,0.0829,0.0284,,5.776,no,superseded by the phi distributions on the bsa_phi sheet; these were digitised from figure 5 and their errors are 1.5 times too small
CLAS6_demasi,pi0,p,A_LU^sinphi,4.4,0.517,-0.355,0.0684,0.0747,,5.776,no,superseded by the phi distributions on the bsa_phi sheet; these were digitised from figure 5 and their errors are 1.5 times too small
CLAS6_demasi,pi0,p,A_LU^sinphi,4.4,0.517,-0.505,0.0684,0.0328,,5.776,no,superseded by the phi distributions on the bsa_phi sheet; these were digitised from figure 5 and their errors are 1.5 times too small
CLAS6_demasi,pi0,p,A_LU^sinphi,4.4,0.517,-0.78,0.09,0.0223,,5.776,no,superseded by the phi distributions on the bsa_phi sheet; these were digitised from figure 5 and their errors are 1.5 times too small
CLAS6_demasi,pi0,p,A_LU^sinphi,4.4,0.517,-1.317,0.0796,0.0258,,5.776,no,superseded by the phi distributions on the bsa_phi sheet; these were digitised from figure 5 and their errors are 1.5 times too small
CLAS6_zhao,eta,p,A_LU^sinphi,1.51,0.21,-0.26,0.212,0.035,0.0478,5.776,yes,"Zhao et al., PLB 789 426 (2019), figure 5 read from the vector PDF"
CLAS6_zhao,eta,p,A_LU^sinphi,1.51,0.21,-0.579,0.0951,0.034,0.0243,5.776,yes,"Zhao et al., PLB 789 426 (2019), figure 5 read from the vector PDF"
CLAS6_zhao,eta,p,A_LU^sinphi,1.51,0.21,-1.15,0.1231,0.037,0.0393,5.776,yes,"Zhao et al., PLB 789 426 (2019), figure 5 read from the vector PDF"
CLAS6_zhao,eta,p,A_LU^sinphi,1.79,0.21,-0.258,0.147,0.04,0.0346,5.776,yes,"Zhao et al., PLB 789 426 (2019), figure 5 read from the vector PDF"
CLAS6_zhao,eta,p,A_LU^sinphi,1.79,0.21,-0.577,0.133,0.034,0.0218,5.776,yes,"Zhao et al., PLB 789 426 (2019), figure 5 read from the vector PDF"
CLAS6_zhao,eta,p,A_LU^sinphi,1.79,0.21,-1.13,0.163,0.043,0.0367,5.776,yes,"Zhao et al., PLB 789 426 (2019), figure 5 read from the vector PDF"
CLAS6_zhao,eta,p,A_LU^sinphi,2.26,0.37,-0.318,0.2081,0.0597,0.0641,5.776,yes,"Zhao et al., PLB 789 426 (2019), figure 5 read from the vector PDF"
CLAS6_zhao,eta,p,A_LU^sinphi,2.26,0.37,-0.593,0.1377,0.0313,0.0366,5.776,yes,"Zhao et al., PLB 789 426 (2019), figure 5 read from the vector PDF"
CLAS6_zhao,eta,p,A_LU^sinphi,2.26,0.37,-1.19,0.1436,0.0293,0.0395,5.776,yes,"Zhao et al., PLB 789 426 (2019), figure 5 read from the vector PDF"
CLAS6_zhao,eta,p,A_LU^sinphi,3.1,0.4,-0.318,0.1944,0.0733,0.0447,5.776,yes,"Zhao et al., PLB 789 426 (2019), figure 5 read from the vector PDF"
CLAS6_zhao,eta,p,A_LU^sinphi,3.1,0.4,-0.601,0.1827,0.0381,0.0437,5.776,yes,"Zhao et al., PLB 789 426 (2019), figure 5 read from the vector PDF"
CLAS6_zhao,eta,p,A_LU^sinphi,3.1,0.4,-1.21,0.2042,0.0313,0.0438,5.776,yes,"Zhao et al., PLB 789 426 (2019), figure 5 read from the vector PDF"
CLAS12_y24,pi0,p,sigma_LT'/sigma_0,2.5495,0.2952,-0.3255,0.0711,0.0246,0.0241,10.6,yes,"Kim et al., PLB 849 138459 (2024), supplemental tables III and IV"
CLAS12_y24,pi0,p,sigma_LT'/sigma_0,2.553,0.2959,-0.626,0.0655,0.0222,0.0307,10.6,yes,"Kim et al., PLB 849 138459 (2024), supplemental tables III and IV"
CLAS12_y24,pi0,p,sigma_LT'/sigma_0,2.6203,0.2843,-1.3359,0.0253,0.025,0.0337,10.6,yes,"Kim et al., PLB 849 138459 (2024), supplemental tables III and IV"
CLAS12_y24,pi0,p,sigma_LT'/sigma_0,2.8677,0.3915,-0.3356,0.0259,0.0173,0.0242,10.6,yes,"Kim et al., PLB 849 138459 (2024), supplemental tables III and IV"
CLAS12_y24,pi0,p,sigma_LT'/sigma_0,2.9663,0.3955,-0.6188,0.0608,0.014,0.0227,10.6,yes,"Kim et al., PLB 849 138459 (2024), supplemental tables III and IV"
CLAS12_y24,pi0,p,sigma_LT'/sigma_0,3.1997,0.3948,-1.2711,0.0432,0.02,0.0289,10.6,yes,"Kim et al., PLB 849 138459 (2024), supplemental tables III and IV"
CLAS12_y24,pi0,p,sigma_LT'/sigma_0,4.5846,0.368,-0.3584,0.1259,0.0381,0.0468,10.6,yes,"Kim et al., PLB 849 138459 (2024), supplemental tables III and IV"
CLAS12_y24,pi0,p,sigma_LT'/sigma_0,4.725,0.38,-0.654,0.029,0.0338,0.0277,10.6,yes,"Kim et al., PLB 849 138459 (2024), supplemental tables III and IV"
CLAS12_y24,pi0,p,sigma_LT'/sigma_0,4.6608,0.3691,-1.3596,0.0726,0.0325,0.03,10.6,yes,"Kim et al., PLB 849 138459 (2024), supplemental tables III and IV"
CLAS12_y24,pi0,p,sigma_LT'/sigma_0,3.6891,0.4832,-0.5091,0.0198,0.0217,0.0257,10.6,yes,"Kim et al., PLB 849 138459 (2024), supplemental tables III and IV"
CLAS12_y24,pi0,p,sigma_LT'/sigma_0,4.0646,0.5118,-0.7857,0.0484,0.0186,0.0229,10.6,yes,"Kim et al., PLB 849 138459 (2024), supplemental tables III and IV"
CLAS12_y24,pi0,p,sigma_LT'/sigma_0,4.3727,0.5275,-1.3613,0.0805,0.0187,0.0293,10.6,yes,"Kim et al., PLB 849 138459 (2024), supplemental tables III and IV"
CLAS12_y24,pi0,p,sigma_LT'/sigma_0,6.0104,0.5049,-0.6398,0.0597,0.0335,0.0416,10.6,yes,"Kim et al., PLB 849 138459 (2024), supplemental tables III and IV"
CLAS12_y24,pi0,p,sigma_LT'/sigma_0,6.4545,0.5523,-1.0374,0.0871,0.0312,0.0295,10.6,yes,"Kim et al., PLB 849 138459 (2024), supplemental tables III and IV"
CLAS12_y24,pi0,p,sigma_LT'/sigma_0,6.7747,0.5841,-1.6012,0.0662,0.0291,0.0285,10.6,yes,"Kim et al., PLB 849 138459 (2024), supplemental tables III and IV"
CLAS12_y24,pi0,p,sigma_LT'/sigma_0,2.5152,0.2891,-0.4835,0.0673,0.0209,0.0268,10.6,yes,"Kim et al., PLB 849 138459 (2024), supplemental tables III and IV"
CLAS12_y24,pi0,p,sigma_LT'/sigma_0,2.515,0.2912,-0.8321,0.0444,0.0202,0.0227,10.6,yes,"Kim et al., PLB 849 138459 (2024), supplemental tables III and IV"
CLAS12_y24,pi0,p,sigma_LT'/sigma_0,2.5472,0.2802,-1.4717,0.0328,0.0196,0.0247,10.6,yes,"Kim et al., PLB 849 138459 (2024), supplemental tables III and IV"
CLAS12_y24,pi0,p,sigma_LT'/sigma_0,2.8221,0.3937,-0.4729,0.0321,0.0176,0.029,10.6,yes,"Kim et al., PLB 849 138459 (2024), supplemental tables III and IV"
CLAS12_y24,pi0,p,sigma_LT'/sigma_0,2.9,0.3926,-0.7557,0.0567,0.0171,0.027,10.6,yes,"Kim et al., PLB 849 138459 (2024), supplemental tables III and IV"
CLAS12_y24,pi0,p,sigma_LT'/sigma_0,3.0698,0.3926,-1.3199,0.0543,0.0162,0.0256,10.6,yes,"Kim et al., PLB 849 138459 (2024), supplemental tables III and IV"
CLAS12_y24,pi0,p,sigma_LT'/sigma_0,4.5121,0.3609,-0.4884,0.0914,0.0403,0.0419,10.6,yes,"Kim et al., PLB 849 138459 (2024), supplemental tables III and IV"
CLAS12_y24,pi0,p,sigma_LT'/sigma_0,4.631,0.3717,-0.8062,0.0581,0.0371,0.0313,10.6,yes,"Kim et al., PLB 849 138459 (2024), supplemental tables III and IV"
CLAS12_y24,pi0,p,sigma_LT'/sigma_0,4.573,0.3626,-1.4475,0.0929,0.0315,0.0287,10.6,yes,"Kim et al., PLB 849 138459 (2024), supplemental tables III and IV"
CLAS12_y24,pi0,p,sigma_LT'/sigma_0,3.6791,0.4897,-0.5611,0.0476,0.0232,0.0338,10.6,yes,"Kim et al., PLB 849 138459 (2024), supplemental tables III and IV"
CLAS12_y24,pi0,p,sigma_LT'/sigma_0,4.0496,0.5155,-0.8779,0.0523,0.0204,0.0296,10.6,yes,"Kim et al., PLB 849 138459 (2024), supplemental tables III and IV"
CLAS12_y24,pi0,p,sigma_LT'/sigma_0,4.2635,0.5234,-1.4471,0.039,0.0197,0.0399,10.6,yes,"Kim et al., PLB 849 138459 (2024), supplemental tables III and IV"
CLAS12_y24,pi0,p,sigma_LT'/sigma_0,5.9867,0.5131,-0.733,0.077,0.0391,0.0377,10.6,yes,"Kim et al., PLB 849 138459 (2024), supplemental tables III and IV"
CLAS12_y24,pi0,p,sigma_LT'/sigma_0,6.3396,0.5543,-1.1461,0.118,0.0358,0.0443,10.6,yes,"Kim et al., PLB 849 138459 (2024), supplemental tables III and IV"
CLAS12_y24,pi0,p,sigma_LT'/sigma_0,6.587,0.5782,-1.6506,0.0144,0.034,0.0233,10.6,yes,"Kim et al., PLB 849 138459 (2024), supplemental tables III and IV"
eg1dvcs,pi0,p (long. polarised),A_UL^sinphi,1.94,0.25,-0.15,0.273,0.037,0.03,5.9,yes,"Kim et al., PLB 768 168 (2017), CLAS DB E154M5"
eg1dvcs,pi0,p (long. polarised),A_UL^sinphi,1.94,0.25,-0.26,0.226,0.033,0.06,5.9,yes,"Kim et al., PLB 768 168 (2017), CLAS DB E154M5"
eg1dvcs,pi0,p (long. polarised),A_UL^sinphi,1.94,0.25,-0.49,0.299,0.036,0.019,5.9,yes,"Kim et al., PLB 768 168 (2017), CLAS DB E154M5"
eg1dvcs,pi0,p (long. polarised),A_UL^sinphi,1.94,0.25,-0.92,0.28,0.037,0.016,5.9,yes,"Kim et al., PLB 768 168 (2017), CLAS DB E154M5"
eg1dvcs,pi0,p (long. polarised),A_UL^sinphi,1.94,0.25,-1.46,0.194,0.048,0.032,5.9,yes,"Kim et al., PLB 768 168 (2017), CLAS DB E154M5"
eg1dvcs,pi0,p (long. polarised),A_UL^sinphi,2.83,0.4,-0.27,0.165,0.046,0.036,5.9,yes,"Kim et al., PLB 768 168 (2017), CLAS DB E154M6"
eg1dvcs,pi0,p (long. polarised),A_UL^sinphi,2.83,0.4,-0.52,0.207,0.031,0.022,5.9,yes,"Kim et al., PLB 768 168 (2017), CLAS DB E154M6"
eg1dvcs,pi0,p (long. polarised),A_UL^sinphi,2.83,0.4,-0.88,0.14,0.036,0.022,5.9,yes,"Kim et al., PLB 768 168 (2017), CLAS DB E154M6"
eg1dvcs,pi0,p (long. polarised),A_UL^sinphi,2.83,0.4,-1.24,0.169,0.05,0.051,5.9,yes,"Kim et al., PLB 768 168 (2017), CLAS DB E154M6"
eg1dvcs,pi0,p (long. polarised),A_UL^sinphi,2.83,0.4,-1.59,0.27,0.057,0.028,5.9,yes,"Kim et al., PLB 768 168 (2017), CLAS DB E154M6"
eg1dvcs,pi0,p (long. polarised),A_UL^sin2phi,1.94,0.25,-0.15,-0.044,0.036,0.043,5.9,yes,"Kim et al., PLB 768 168 (2017), CLAS DB E154M7"
eg1dvcs,pi0,p (long. polarised),A_UL^sin2phi,1.94,0.25,-0.26,-0.062,0.032,0.025,5.9,yes,"Kim et al., PLB 768 168 (2017), CLAS DB E154M7"
eg1dvcs,pi0,p (long. polarised),A_UL^sin2phi,1.94,0.25,-0.49,-0.096,0.037,0.02,5.9,yes,"Kim et al., PLB 768 168 (2017), CLAS DB E154M7"
eg1dvcs,pi0,p (long. polarised),A_UL^sin2phi,1.94,0.25,-0.92,-0.137,0.036,0.016,5.9,yes,"Kim et al., PLB 768 168 (2017), CLAS DB E154M7"
eg1dvcs,pi0,p (long. polarised),A_UL^sin2phi,1.94,0.25,-1.46,-0.121,0.042,0.012,5.9,yes,"Kim et al., PLB 768 168 (2017), CLAS DB E154M7"
eg1dvcs,pi0,p (long. polarised),A_UL^sin2phi,2.83,0.4,-0.27,-0.009,0.042,0.029,5.9,yes,"Kim et al., PLB 768 168 (2017), CLAS DB E154M8"
eg1dvcs,pi0,p (long. polarised),A_UL^sin2phi,2.83,0.4,-0.52,-0.029,0.025,0.02,5.9,yes,"Kim et al., PLB 768 168 (2017), CLAS DB E154M8"
eg1dvcs,pi0,p (long. polarised),A_UL^sin2phi,2.83,0.4,-0.88,-0.052,0.027,0.008,5.9,yes,"Kim et al., PLB 768 168 (2017), CLAS DB E154M8"
eg1dvcs,pi0,p (long. polarised),A_UL^sin2phi,2.83,0.4,-1.24,-0.096,0.042,0.036,5.9,yes,"Kim et al., PLB 768 168 (2017), CLAS DB E154M8"
eg1dvcs,pi0,p (long. polarised),A_UL^sin2phi,2.83,0.4,-1.59,-0.165,0.047,0.027,5.9,yes,"Kim et al., PLB 768 168 (2017), CLAS DB E154M8"
eg1dvcs,pi0,p (long. polarised),A_LL^const,1.94,0.25,-0.15,0.59,0.029,0.018,5.9,yes,"Kim et al., PLB 768 168 (2017), CLAS DB E154M9"
eg1dvcs,pi0,p (long. polarised),A_LL^const,1.94,0.25,-0.26,0.589,0.027,0.03,5.9,yes,"Kim et al., PLB 768 168 (2017), CLAS DB E154M9"
eg1dvcs,pi0,p (long. polarised),A_LL^const,1.94,0.25,-0.49,0.562,0.034,0.031,5.9,yes,"Kim et al., PLB 768 168 (2017), CLAS DB E154M9"
eg1dvcs,pi0,p (long. polarised),A_LL^const,1.94,0.25,-0.92,0.392,0.029,0.025,5.9,yes,"Kim et al., PLB 768 168 (2017), CLAS DB E154M9"
eg1dvcs,pi0,p (long. polarised),A_LL^const,1.94,0.25,-1.46,0.215,0.036,0.037,5.9,yes,"Kim et al., PLB 768 168 (2017), CLAS DB E154M9"
eg1dvcs,pi0,p (long. polarised),A_LL^const,2.83,0.4,-0.27,0.701,0.04,0.059,5.9,yes,"Kim et al., PLB 768 168 (2017), CLAS DB E154M10"
eg1dvcs,pi0,p (long. polarised),A_LL^const,2.83,0.4,-0.52,0.664,0.023,0.032,5.9,yes,"Kim et al., PLB 768 168 (2017), CLAS DB E154M10"
eg1dvcs,pi0,p (long. polarised),A_LL^const,2.83,0.4,-0.88,0.486,0.028,0.013,5.9,yes,"Kim et al., PLB 768 168 (2017), CLAS DB E154M10"
eg1dvcs,pi0,p (long. polarised),A_LL^const,2.83,0.4,-1.24,0.499,0.038,0.016,5.9,yes,"Kim et al., PLB 768 168 (2017), CLAS DB E154M10"
eg1dvcs,pi0,p (long. polarised),A_LL^const,2.83,0.4,-1.59,0.446,0.047,0.034,5.9,yes,"Kim et al., PLB 768 168 (2017), CLAS DB E154M10"
eg1dvcs,pi0,p (long. polarised),A_LL^cosphi,1.94,0.25,-0.15,0.109,0.041,0.034,5.9,yes,"Kim et al., PLB 768 168 (2017), CLAS DB E154M11"
eg1dvcs,pi0,p (long. polarised),A_LL^cosphi,1.94,0.25,-0.26,0.086,0.04,0.028,5.9,yes,"Kim et al., PLB 768 168 (2017), CLAS DB E154M11"
eg1dvcs,pi0,p (long. polarised),A_LL^cosphi,1.94,0.25,-0.49,0.133,0.061,0.04,5.9,yes,"Kim et al., PLB 768 168 (2017), CLAS DB E154M11"
eg1dvcs,pi0,p (long. polarised),A_LL^cosphi,1.94,0.25,-0.92,0.117,0.048,0.028,5.9,yes,"Kim et al., PLB 768 168 (2017), CLAS DB E154M11"
eg1dvcs,pi0,p (long. polarised),A_LL^cosphi,1.94,0.25,-1.46,-0.039,0.041,0.024,5.9,yes,"Kim et al., PLB 768 168 (2017), CLAS DB E154M11"
eg1dvcs,pi0,p (long. polarised),A_LL^cosphi,2.83,0.4,-0.27,0.159,0.066,,5.9,yes,"Kim et al., PLB 768 168 (2017), CLAS DB E154M12"
eg1dvcs,pi0,p (long. polarised),A_LL^cosphi,2.83,0.4,-0.52,0.085,0.031,,5.9,yes,"Kim et al., PLB 768 168 (2017), CLAS DB E154M12"
eg1dvcs,pi0,p (long. polarised),A_LL^cosphi,2.83,0.4,-0.88,0.126,0.03,,5.9,yes,"Kim et al., PLB 768 168 (2017), CLAS DB E154M12"
eg1dvcs,pi0,p (long. polarised),A_LL^cosphi,2.83,0.4,-1.24,0.102,0.054,,5.9,yes,"Kim et al., PLB 768 168 (2017), CLAS DB E154M12"
eg1dvcs,pi0,p (long. polarised),A_LL^cosphi,2.83,0.4,-1.59,0.059,0.059,,5.9,yes,"Kim et al., PLB 768 168 (2017), CLAS DB E154M12"
