exp,meson,target,Q2,xB,t,Q2_bin,xB_bin,t_bin,eps,npts_phi,Ebeam,sigma_meaning,chi2ndf_phi,chi2ndf_phi_rc,in_fit,source,s_u,stat_U,sys_U,s_LT,stat_LT,sys_LT,s_TT,stat_TT,sys_TT,s_u_rc,stat_U_rc,sys_U_rc,s_LT_rc,stat_LT_rc,sys_LT_rc,s_TT_rc,stat_TT_rc,sys_TT_rc
CLAS6_y12,pi0,p,1.14929,0.131929,-0.119786,1.14,0.131,-0.12,0.348904,14,5.75,sigma_U,2.68086,2.68682,yes,"PRC 90 025205 (2014) supplemental, phi table",340.866,40.042,58.9768,-30.428,68.5002,115.626,-244.738,112.528,159.08,320.016,37.7843,55.3693,-46.4772,64.7626,176.613,-250.011,107.489,162.507
CLAS6_y12,pi0,p,1.14929,0.132,-0.174571,1.15,0.132,-0.17,0.349676,14,5.75,sigma_U,0.970028,0.968477,yes,"PRC 90 025205 (2014) supplemental, phi table",314.256,40.08,75.0613,-76.8568,69.4575,127.421,-297.684,110.282,219.185,296.547,37.8112,70.8313,-87.5229,65.6566,145.104,-295.521,105.261,217.592
CLAS6_y12,pi0,p,1.15,0.132,-0.24825,1.15,0.132,-0.25,0.348776,16,5.75,sigma_U,0.9921,0.987912,yes,"PRC 90 025205 (2014) supplemental, phi table",267.26,18.6121,15.0146,-42.5434,32.3735,37.4787,-238.013,55.8475,21.4518,254.487,17.4725,14.297,-52.4505,30.4393,46.2064,-240.942,53.2462,21.7158
CLAS6_y12,pi0,p,1.15,0.132,-0.348067,1.15,0.132,-0.35,0.348776,15,5.75,sigma_U,0.919206,0.914537,yes,"PRC 90 025205 (2014) supplemental, phi table",187.755,13.1287,32.9569,-50.9455,23.261,43.8131,-182.408,43.8176,67.2565,180.769,12.509,31.7307,-55.404,22.195,47.6474,-182.376,42.2796,67.245
CLAS6_y12,pi0,p,1.15,0.132056,-0.4925,1.15,0.132,-0.49,0.349376,18,5.75,sigma_U,1.8975,1.87517,yes,"PRC 90 025205 (2014) supplemental, phi table",126.36,4.72932,10.0048,-15.0501,8.12153,5.51839,-79.9233,19.0062,8.29973,122.44,4.52532,9.69435,-17.9413,7.7608,6.57847,-81.0875,18.3961,8.42062
CLAS6_y12,pi0,p,1.15,0.1323,-0.7702,1.15,0.132,-0.77,0.352012,20,5.75,sigma_U,1.86461,1.85034,yes,"PRC 90 025205 (2014) supplemental, phi table",65.981,1.99697,7.89773,3.77952,3.10493,6.3655,-40.1527,7.91134,16.1418,64.4128,1.95615,7.71002,2.42264,3.04041,4.08023,-41.2183,7.70267,16.5702
CLAS6_y12,pi0,p,1.15818,0.133182,-1.70891,1.16,0.133,-1.71,0.351218,11,5.75,sigma_U,1.30721,1.30522,yes,"PRC 90 025205 (2014) supplemental, phi table",17.8093,2.00356,1.60084,4.39748,1.24078,2.04534,-21.7127,6.76011,7.8862,17.7058,1.99493,1.59154,4.41694,1.24016,2.05439,-21.3768,6.73839,7.7642
CLAS6_y12,pi0,p,1.37889,0.168889,-0.119778,1.38,0.169,-0.12,0.431292,18,5.75,sigma_U,1.43219,1.43231,yes,"PRC 90 025205 (2014) supplemental, phi table",356.73,13.1918,34.9735,18.5461,19.3027,29.2834,-191.4,42.0111,47.0985,340.657,12.4236,33.3978,7.71406,18.0985,12.1801,-193.706,40.091,47.6658
CLAS6_y12,pi0,p,1.37944,0.169,-0.174722,1.38,0.169,-0.17,0.431601,18,5.75,sigma_U,1.38323,1.38372,yes,"PRC 90 025205 (2014) supplemental, phi table",366.101,15.1463,24.0067,2.21902,22.4268,23.2997,-247.916,46.4037,53.1965,349.629,14.2571,22.9265,-8.42723,21.0514,88.486,-249.056,44.2908,53.4412
CLAS6_y12,pi0,p,1.37938,0.169,-0.248312,1.38,0.169,-0.25,0.431665,16,5.75,sigma_U,1.29138,1.27584,yes,"PRC 90 025205 (2014) supplemental, phi table",330.837,12.0776,15.9921,18.9477,18.4536,16.9532,-202.122,35.5454,49.0297,316.581,11.4226,15.303,7.39922,17.4536,6.62036,-207.402,34.1644,50.3104
CLAS6_y12,pi0,p,1.38,0.169,-0.34875,1.38,0.169,-0.35,0.431085,16,5.75,sigma_U,1.3761,1.36927,yes,"PRC 90 025205 (2014) supplemental, phi table",253.872,10.152,12.9934,17.1146,15.1078,24.1618,-155.295,32.1975,25.375,243.687,9.6564,12.4722,8.42615,14.3567,11.8957,-160.693,31.0614,26.257
CLAS6_y12,pi0,p,1.38,0.169,-0.493556,1.38,0.169,-0.49,0.431085,18,5.75,sigma_U,0.847356,0.830074,yes,"PRC 90 025205 (2014) supplemental, phi table",166.261,5.11963,12.0044,-15.5065,7.1861,12.083,-109.802,17.8149,18.1325,160.737,4.91614,11.6056,-19.7608,6.8766,15.398,-112.888,17.1941,18.642
CLAS6_y12,pi0,p,1.38,0.169632,-0.772474,1.38,0.169,-0.77,0.435746,19,5.75,sigma_U,2.32584,2.27694,yes,"PRC 90 025205 (2014) supplemental, phi table",83.4177,3.27187,4.10087,9.75921,4.38464,10.061,-48.6139,9.61436,5.41268,81.0275,3.20786,3.98337,7.71316,4.31007,7.95171,-51.1862,9.31926,5.69909
CLAS6_y12,pi0,p,1.38,0.169875,-1.2085,1.38,0.169,-1.21,0.437529,16,5.75,sigma_U,0.738776,0.737275,yes,"PRC 90 025205 (2014) supplemental, phi table",39.6336,1.6973,3.80323,3.98676,1.6597,1.89371,-40.8439,4.52232,3.00323,39.0549,1.67752,3.74769,3.51889,1.63667,1.67147,-40.9659,4.43259,3.0122
CLAS6_y12,pi0,p,1.38062,0.170187,-1.71075,1.38,0.17,-1.71,0.439233,16,5.75,sigma_U,3.03777,3.0327,yes,"PRC 90 025205 (2014) supplemental, phi table",15.3214,1.37181,1.5021,0.788527,0.801195,1.55758,-13.5831,4.00494,5.09365,15.2367,1.36407,1.49379,0.753097,0.797861,1.4876,-13.5014,3.98277,5.06301
CLAS6_y12,pi0,p,1.60889,0.186333,-0.119833,1.61,0.186,-0.12,0.35258,18,5.75,sigma_U,1.03922,1.03697,yes,"PRC 90 025205 (2014) supplemental, phi table",276.363,17.2637,46.0604,17.0127,28.9819,58.0433,-184.841,65.0398,72.9095,263.718,16.2362,43.9531,7.5949,27.2097,25.912,-186.453,62.2126,73.5455
CLAS6_y12,pi0,p,1.60938,0.186688,-0.174687,1.61,0.186,-0.18,0.354799,16,5.75,sigma_U,0.751481,0.747785,yes,"PRC 90 025205 (2014) supplemental, phi table",345.352,24.658,57.0582,36.4668,42.7023,103.323,-105.073,83.7352,88.7513,329.829,23.3244,54.4934,24.5509,40.3978,69.5608,-110.473,80.1903,93.3119
CLAS6_y12,pi0,p,1.60938,0.186438,-0.24825,1.61,0.187,-0.25,0.352929,16,5.75,sigma_U,1.51766,1.49406,yes,"PRC 90 025205 (2014) supplemental, phi table",276.116,14.9501,7.00295,0.084449,26.2051,0,-175.751,53.7946,42.1391,264.869,14.1632,6.7177,-9.13332,24.8401,0,-179.087,51.7132,42.939
CLAS6_y12,pi0,p,1.61,0.186875,-0.348562,1.61,0.187,-0.35,0.355645,16,5.75,sigma_U,1.68319,1.67568,yes,"PRC 90 025205 (2014) supplemental, phi table",223.472,12.0134,11.0233,-13.6334,20.5946,10.7119,-144.714,46.1181,46.5513,215.086,11.4415,10.6096,-20.7571,19.6103,16.3092,-148.786,44.5329,47.8611
CLAS6_y12,pi0,p,1.61,0.187,-0.493812,1.61,0.187,-0.49,0.356575,16,5.75,sigma_U,0.544227,0.537126,yes,"PRC 90 025205 (2014) supplemental, phi table",159.966,6.32745,11.0114,20.4187,10.5252,11.2303,-58.0179,25.3198,19.0059,154.492,6.07188,10.6346,15.0036,10.0877,8.25197,-62.9045,24.5758,20.6066
CLAS6_y12,pi0,p,1.61,0.18695,-0.7742,1.61,0.187,-0.78,0.356203,20,5.75,sigma_U,1.34355,1.2965,yes,"PRC 90 025205 (2014) supplemental, phi table",82.4539,3.18802,7.10465,5.76561,4.86952,19.5619,-30.5622,12.5308,27.506,80.2558,3.11162,6.91524,3.69143,4.7544,12.5245,-33.197,12.1616,29.8773
CLAS6_y12,pi0,p,1.61,0.187,-1.21087,1.61,0.187,-1.21,0.356575,16,5.75,sigma_U,2.16706,2.17095,yes,"PRC 90 025205 (2014) supplemental, phi table",34.4511,2.31062,2.99574,0.103775,3.35255,1.76417,-24.9005,6.42459,6.60014,33.9477,2.29017,2.95197,-0.33877,3.32111,5.75909,-25.3915,6.319,6.73027
CLAS6_y12,pi0,p,1.61,0.187273,-1.71318,1.61,0.187,-1.71,0.358598,11,5.75,sigma_U,0.798746,0.797669,yes,"PRC 90 025205 (2014) supplemental, phi table",15.9823,1.94299,1.59823,2.29554,1.7736,2.19574,-12.193,6.24792,4.59736,15.8681,1.93,1.58681,2.21116,1.76506,2.11502,-12.1707,6.19361,4.58894
CLAS6_y12,pi0,p,1.7445,0.22305,-0.24855,1.74,0.223,-0.25,0.475402,20,5.75,sigma_U,2.31469,2.35743,yes,"PRC 90 025205 (2014) supplemental, phi table",316.667,6.66285,9.19903,14.8474,8.48069,18.9329,-231.523,20.4355,43.9096,305.177,6.40697,8.86525,6.3056,8.12135,8.04069,-236.407,19.6406,44.8357
CLAS6_y12,pi0,p,1.7445,0.223,-0.12,1.75,0.223,-0.12,0.475146,20,5.75,sigma_U,1.05253,1.05618,yes,"PRC 90 025205 (2014) supplemental, phi table",293.331,7.82023,24.0025,16.2383,9.73475,12.0284,-71.9469,23.313,12.9904,284.638,7.58408,23.2912,11.737,9.4267,8.69406,-73.1879,22.6422,13.2145
CLAS6_y12,pi0,p,1.743,0.223,-0.17485,1.75,0.223,-0.17,0.476159,20,5.75,sigma_U,1.34008,1.33638,yes,"PRC 90 025205 (2014) supplemental, phi table",339.298,8.91188,25.9999,34.9478,10.7936,8.28762,-242.428,27.6765,25.9388,329.243,8.64413,25.2293,29.7562,10.4434,7.05647,-239.674,26.8727,25.6442
CLAS6_y12,pi0,p,1.745,0.223056,-0.349111,1.75,0.224,-0.35,0.475093,18,5.75,sigma_U,1.51246,1.53612,yes,"PRC 90 025205 (2014) supplemental, phi table",260.484,6.9938,12.9992,32.1414,9.16063,5.00644,-182.591,22.1698,19.9553,250.602,6.71171,12.506,23.6826,8.75413,3.68887,-189.005,21.3457,20.6563
CLAS6_y12,pi0,p,1.74389,0.223167,-0.495333,1.75,0.224,-0.49,0.476412,18,5.75,sigma_U,1.54911,1.552,yes,"PRC 90 025205 (2014) supplemental, phi table",184.409,4.9525,8.6004,3.65367,6.32187,3.75516,-116.431,15.0326,20.0743,178.081,4.79741,8.30529,-1.553,6.10922,1.59614,-121.644,14.488,20.9732
CLAS6_y12,pi0,p,1.74667,0.223944,-0.776778,1.75,0.224,-0.78,0.478505,18,5.75,sigma_U,1.56885,1.61539,yes,"PRC 90 025205 (2014) supplemental, phi table",102.281,2.36446,5.4043,9.15235,3.11821,4.9741,-60.838,7.31181,11.9681,99.3545,2.31198,5.24965,6.16833,3.01376,3.35236,-64.5254,7.06144,12.6935
CLAS6_y12,pi0,p,1.75,0.224,-1.2148,1.75,0.224,-1.22,0.476549,20,5.75,sigma_U,0.919423,0.927416,yes,"PRC 90 025205 (2014) supplemental, phi table",44.5393,1.36124,3.00265,6.33294,1.2984,2.2115,-21.2496,4.1026,6.01403,43.7432,1.34178,2.94898,5.32413,1.26137,1.85922,-22.8286,3.98763,6.46094
CLAS6_y12,pi0,p,1.75,0.224211,-1.7149,1.75,0.224,-1.72,0.47762,19,5.75,sigma_U,3.17086,3.1829,yes,"PRC 90 025205 (2014) supplemental, phi table",18.9414,0.995397,4.38642,2.25999,0.853767,3.22856,-12.3088,2.9641,5.40386,18.7721,0.988489,4.34723,2.10092,0.846228,3.00132,-12.5077,2.94054,5.4912
CLAS6_y12,pi0,p,1.87,0.269538,-0.121077,1.87,0.27,-0.12,0.593357,13,5.75,sigma_U,0.41475,0.414166,yes,"PRC 90 025205 (2014) supplemental, phi table",341.976,73.5861,107.992,1.48939,86.0592,107.236,-151.131,103.536,101.761,336.78,72.4175,106.352,-0.862452,84.6688,62.0965,-148.83,101.595,100.212
CLAS6_y12,pi0,p,1.87,0.270857,-0.174857,1.87,0.271,-0.18,0.597613,14,5.75,sigma_U,0.339518,0.335735,yes,"PRC 90 025205 (2014) supplemental, phi table",436.852,54.0082,89.9696,7.42371,64.3786,78.4792,15.6341,91.8211,163.181,428.947,53.1437,88.3414,5.42812,63.3592,57.383,12.9484,90.0991,135.149
CLAS6_y12,pi0,p,1.87,0.270667,-0.248889,1.87,0.271,-0.25,0.597002,18,5.75,sigma_U,1.42619,1.42536,yes,"PRC 90 025205 (2014) supplemental, phi table",411.988,19.2766,31.9991,19.4658,21.1623,19.4658,-233.081,34.2495,39.0136,401.976,18.991,31.2214,14.4203,20.8568,14.4203,-232.217,33.4382,38.869
CLAS6_y12,pi0,p,1.87,0.270833,-0.349056,1.87,0.271,-0.35,0.597536,18,5.75,sigma_U,1.87967,1.87986,yes,"PRC 90 025205 (2014) supplemental, phi table",373.98,13.7001,25.9986,27.3366,12.8296,20.2493,-294.041,27.9551,41.1456,363.824,13.4365,25.2925,21.0303,12.5234,15.578,-294.777,27.0502,41.2486
CLAS6_y12,pi0,p,1.87,0.271,-0.496556,1.87,0.271,-0.49,0.59807,18,5.75,sigma_U,1.3046,1.34918,yes,"PRC 90 025205 (2014) supplemental, phi table",259.553,7.33201,13.0027,25.0941,7.21874,6.09857,-167.198,18.8586,14.0166,252.026,7.15991,12.6256,18.2056,6.87255,4.42448,-173.951,18.0228,14.5828
CLAS6_y12,pi0,p,1.87,0.271,-0.780111,1.87,0.271,-0.78,0.59807,18,5.75,sigma_U,1.39083,1.42881,yes,"PRC 90 025205 (2014) supplemental, phi table",151.842,4.08246,7.80216,6.33275,4.24092,5.64011,-59.3192,12.0474,4.62489,147.789,3.99034,7.59391,2.05865,4.02291,1.83349,-65.4468,11.5527,5.10264
CLAS6_y12,pi0,p,1.87,0.27155,-1.2167,1.87,0.271,-1.22,0.599822,20,5.75,sigma_U,1.29977,1.38396,yes,"PRC 90 025205 (2014) supplemental, phi table",77.6149,2.97824,5.49398,-5.66386,2.32195,2.78225,-36.2447,7.37097,5.57611,76.0969,2.9277,5.38652,-7.42493,2.22664,3.64733,-39.9083,7.07063,6.13973
CLAS6_y12,pi0,p,1.87056,0.272111,-1.719,1.87,0.272,-1.72,0.601331,18,5.75,sigma_U,0.837129,0.838206,yes,"PRC 90 025205 (2014) supplemental, phi table",39.227,2.09492,3.50241,-7.00046,1.89449,1.90013,-22.9191,4.61219,3.80317,38.7641,2.07749,3.46108,-7.29218,1.87338,1.97931,-23.2513,4.55275,3.8583
CLAS6_y12,pi0,p,1.95154,0.312846,-0.349154,1.95,0.313,-0.35,0.674325,13,5.75,sigma_U,0.699857,0.701131,yes,"PRC 90 025205 (2014) supplemental, phi table",470.609,44.4314,82.1063,-12.6884,33.6971,17.5685,-184.698,77.0525,58.538,460.569,43.6393,80.3546,-16.9672,33.1904,23.493,-184.684,74.8848,58.5337
CLAS6_y12,pi0,p,1.952,0.313,-0.4956,1.95,0.313,-0.49,0.67449,15,5.75,sigma_U,1.27316,1.28225,yes,"PRC 90 025205 (2014) supplemental, phi table",339.094,23.119,21.0058,21.1066,15.2274,34.1726,-141.142,50.0793,43.3507,330.952,22.5969,20.5014,15.1197,14.7735,24.4796,-147.286,48.2783,45.238
CLAS6_y12,pi0,p,1.95,0.313,-0.782933,1.95,0.313,-0.78,0.675233,15,5.75,sigma_U,1.17308,1.18452,yes,"PRC 90 025205 (2014) supplemental, phi table",201.706,12.1732,12.9811,-11.2186,9.43724,5.86196,-67.0856,30.6776,23.0294,196.649,11.9121,12.6557,-15.1099,9.05578,7.89525,-72.7225,29.6516,24.9645
CLAS6_y12,pi0,p,1.952,0.313133,-1.21953,1.96,0.313,-1.22,0.674781,15,5.75,sigma_U,1.64607,1.62216,yes,"PRC 90 025205 (2014) supplemental, phi table",129.378,9.63135,16.9971,-24.8203,8.30491,6.7055,-39.5355,22.4319,21.2883,126.473,9.46241,16.6154,-26.3649,8.07522,7.12279,-41.9803,21.8006,22.6048
CLAS6_y12,pi0,p,2.09923,0.238077,-0.119923,2.1,0.238,-0.12,0.31347,13,5.75,sigma_U,0.405919,0.401978,yes,"PRC 90 025205 (2014) supplemental, phi table",258.185,32.8314,81.0582,80.3028,51.9083,110.798,183.066,128.632,222.952,248.437,31.4372,77.9975,71.9535,49.6896,99.2776,172.094,123.815,209.589
CLAS6_y12,pi0,p,2.09938,0.238,-0.349312,2.1,0.238,-0.35,0.3129,16,5.75,sigma_U,1.8683,1.87615,yes,"PRC 90 025205 (2014) supplemental, phi table",218.555,17.7926,8.08352,96.3521,31.8995,10.1423,92.9478,73.2395,46.9846,209.756,16.9902,7.7581,85.537,30.4426,9.00389,79.5569,70.7443,40.2156
CLAS6_y12,pi0,p,2.1,0.238,-0.495563,2.1,0.238,-0.49,0.312458,16,5.75,sigma_U,1.49853,1.4995,yes,"PRC 90 025205 (2014) supplemental, phi table",132.484,8.85773,12.9984,-54.0204,14.834,9.17328,-109.08,42.5543,29.0881,128.638,8.55054,12.621,-56.6719,14.282,9.62353,-110.814,41.3508,29.5503
CLAS6_y12,pi0,p,2.1,0.238286,-0.777929,2.1,0.238,-0.78,0.314193,14,5.75,sigma_U,1.06456,1.04471,yes,"PRC 90 025205 (2014) supplemental, phi table",92.6468,8.93669,9.20465,-8.05196,12.7346,12.0779,21.2924,35.5838,32.4455,89.9246,8.72033,8.93419,-9.79884,12.5468,14.6983,16.0687,34.5577,24.4857
CLAS6_y12,pi0,p,2.1,0.238818,-1.21582,2.1,0.238,-1.21,0.317412,11,5.75,sigma_U,0.855353,0.857276,yes,"PRC 90 025205 (2014) supplemental, phi table",40.2192,21.1309,16.0877,-6.52445,35.3672,33.7097,-23.4438,43.9725,27.521,38.9885,20.7366,15.5954,-6.11392,34.7205,31.5886,-25.5635,42.9014,30.0094
CLAS6_y12,pi0,p,2.10133,0.238133,-0.174667,2.1,0.239,-0.17,0.312325,15,5.75,sigma_U,1.56743,1.55908,yes,"PRC 90 025205 (2014) supplemental, phi table",228.255,29.3758,148.166,-14.6314,51.1752,298.256,-7.93283,128.284,303.714,220.524,28.1534,143.147,-19.1519,48.9619,390.403,-9.43985,124.026,361.412
CLAS6_y12,pi0,p,2.10067,0.238,-0.249,2.1,0.239,-0.25,0.311985,15,5.75,sigma_U,1.43812,1.42084,yes,"PRC 90 025205 (2014) supplemental, phi table",240.041,20.2581,24.0041,57.7495,36.5855,30.3945,47.433,84.4531,106.977,231.109,19.3276,23.1109,48.8172,34.8704,25.6933,39.5331,81.4197,89.1599
CLAS6_y12,pi0,p,2.20875,0.274438,-0.121938,2.21,0.275,-0.12,0.432444,16,5.75,sigma_U,1.05027,1.05315,yes,"PRC 90 025205 (2014) supplemental, phi table",240.632,25.1736,10.9832,-44.5717,35.7434,9.11695,28.7896,58.2545,16.8766,235.662,24.7514,10.7564,-45.3162,35.146,9.26921,27.1917,57.0409,15.94
CLAS6_y12,pi0,p,2.2085,0.27605,-0.17505,2.21,0.276,-0.17,0.439626,20,5.75,sigma_U,1.33022,1.32852,yes,"PRC 90 025205 (2014) supplemental, phi table",257.093,12.3706,18.0065,-5.73695,16.5815,12.43,-12.6637,37.4476,39.9393,251.802,12.1424,17.636,-7.57281,16.269,16.4077,-13.0754,36.6662,41.2377
CLAS6_y12,pi0,p,2.21,0.276,-0.24855,2.21,0.276,-0.25,0.438568,20,5.75,sigma_U,1.13109,1.12817,yes,"PRC 90 025205 (2014) supplemental, phi table",268.799,9.79102,18.9999,-6.32805,13.4495,21.0935,-53.374,28.8698,29.6522,261.319,9.57417,18.4712,-11.1202,13.1628,37.0673,-57.2247,28.0422,31.7915
CLAS6_y12,pi0,p,2.21,0.276,-0.349222,2.21,0.276,-0.35,0.438568,18,5.75,sigma_U,0.599281,0.610384,yes,"PRC 90 025205 (2014) supplemental, phi table",241.851,10.8405,10.9932,31.6848,14.3924,11.8818,-102.249,33.5545,22.0538,233.642,10.549,10.6201,25.1683,14.0628,9.43812,-109.77,32.4327,23.6759
CLAS6_y12,pi0,p,2.21,0.276111,-0.496,2.21,0.276,-0.49,0.43905,18,5.75,sigma_U,0.968445,0.968142,yes,"PRC 90 025205 (2014) supplemental, phi table",193.488,7.08183,16.9989,41.2585,9.4118,20.0771,-57.0105,22.0515,47.8481,186.791,6.89268,16.4106,34.9294,9.15417,16.9973,-65.2117,21.3431,54.7313
CLAS6_y12,pi0,p,2.21,0.276778,-0.779667,2.21,0.276,-0.78,0.441926,18,5.75,sigma_U,1.68158,1.67516,yes,"PRC 90 025205 (2014) supplemental, phi table",101.49,2.97366,6.60587,7.39371,4.28528,7.08986,-68.8904,10.2695,9.98411,98.712,2.90944,6.42504,4.44392,4.13501,4.26129,-72.3796,9.91098,10.4898
CLAS6_y12,pi0,p,2.21,0.276947,-1.21842,2.21,0.277,-1.22,0.442654,19,5.75,sigma_U,0.546516,0.516868,yes,"PRC 90 025205 (2014) supplemental, phi table",50.0093,2.01048,3.30062,5.78079,2.3275,3.88708,-22.4803,6.93181,2.3979,48.994,1.98128,3.23361,4.44729,2.26115,2.99042,-24.9383,6.69158,2.66008
CLAS6_y12,pi0,p,2.21133,0.2772,-1.71867,2.21,0.277,-1.72,0.442995,15,5.75,sigma_U,1.60265,1.60547,yes,"PRC 90 025205 (2014) supplemental, phi table",20.8091,1.51315,3.10136,-0.094083,1.75995,2.1639,-10.1262,4.84635,5.31377,20.5381,1.50072,3.06097,-0.332831,1.74331,7.65511,-10.468,4.7895,5.4931
CLAS6_y12,pi0,p,2.23867,0.332,-0.176733,2.24,0.332,-0.18,0.609859,15,5.75,sigma_U,1.11762,1.11573,yes,"PRC 90 025205 (2014) supplemental, phi table",329.922,43.6965,30.9926,13.873,52.473,36.6643,-113.179,79.6023,117.15,326.578,43.329,30.6785,12.0677,51.9955,31.8932,-112.543,78.613,116.491
CLAS6_y12,pi0,p,2.24056,0.336833,-0.249167,2.24,0.337,-0.25,0.620817,18,5.75,sigma_U,1.22285,1.22789,yes,"PRC 90 025205 (2014) supplemental, phi table",391.782,18.4831,43.9756,-8.2008,20.0397,34.8534,-52.5525,33.6132,26.772,385.677,18.2843,43.2903,-10.5272,19.8231,44.7407,-53.0147,33.0469,27.0075
CLAS6_y12,pi0,p,2.241,0.3373,-0.49665,2.24,0.338,-0.49,0.62175,20,5.75,sigma_U,2.29485,2.3193,yes,"PRC 90 025205 (2014) supplemental, phi table",293.559,6.47397,14.9928,26.3013,5.42235,12.9514,-136.325,14.3311,11.9409,286.726,6.3576,14.6438,21.5109,5.3058,10.5925,-140.143,13.9051,12.2753
CLAS6_y12,pi0,p,2.2425,0.337,-0.3492,2.25,0.337,-0.35,0.62048,20,5.75,sigma_U,0.832351,0.830644,yes,"PRC 90 025205 (2014) supplemental, phi table",346.183,11.6201,14.0074,40.3439,10.7715,12.1032,-150.868,23.4449,14.8883,339.121,11.4535,13.7217,36.4287,10.6262,10.9286,-151.424,22.9317,14.9432
CLAS6_y12,pi0,p,2.2405,0.3379,-0.7841,2.25,0.338,-0.78,0.623344,20,5.75,sigma_U,1.78712,1.86312,yes,"PRC 90 025205 (2014) supplemental, phi table",200.798,3.80397,12.9999,-2.01531,3.30782,4.79835,-77.8759,9.66687,9.90788,195.781,3.72964,12.6751,-6.38848,3.19528,15.2107,-85.2135,9.26312,10.8414
CLAS6_y12,pi0,p,2.241,0.339,-1.2217,2.25,0.339,-1.22,0.625715,20,5.75,sigma_U,1.2868,1.25995,yes,"PRC 90 025205 (2014) supplemental, phi table",110.235,2.57476,5.40172,-13.2687,2.31563,4.19012,-50.1274,6.50372,6.067,107.605,2.52595,5.27283,-15.186,2.23993,4.79557,-53.4874,6.27268,6.47367
CLAS6_y12,pi0,p,2.2435,0.3399,-1.72225,2.25,0.339,-1.73,0.626866,20,5.75,sigma_U,1.8558,1.87558,yes,"PRC 90 025205 (2014) supplemental, phi table",49.8184,1.74535,4.59248,-6.46078,1.82417,5.66561,-32.0015,3.67713,5.74641,48.8171,1.71839,4.50018,-7.12032,1.79129,6.24397,-33.1296,3.59476,5.94897
CLAS6_y12,pi0,p,2.34067,0.403267,-0.349267,2.34,0.403,-0.35,0.711623,15,5.75,sigma_U,1.39687,1.39814,yes,"PRC 90 025205 (2014) supplemental, phi table",472.549,48.295,53.0616,-6.12833,60.3933,80.6897,-23.6398,105.529,206.848,466.735,47.8334,52.4088,-8.37627,59.7363,110.288,-24.3076,104.088,212.692
CLAS6_y12,pi0,p,2.34133,0.4034,-0.498067,2.34,0.403,-0.49,0.711636,15,5.75,sigma_U,0.941444,0.940107,yes,"PRC 90 025205 (2014) supplemental, phi table",475.1,20.4555,39.0082,-21.5743,22.6882,26.4776,-16.3238,51.0265,50.8917,466.568,20.202,38.3077,-24.574,22.3729,30.159,-19.5631,49.967,60.9908
CLAS6_y12,pi0,p,2.3425,0.403688,-0.787937,2.34,0.404,-0.78,0.711736,16,5.75,sigma_U,1.6774,1.70472,yes,"PRC 90 025205 (2014) supplemental, phi table",376.873,10.96,16.9943,-22.0628,10.458,5.81657,-150.35,26.0357,19.0443,368.304,10.7837,16.6079,-25.6945,10.2877,6.77402,-155.415,25.2793,19.6859
CLAS6_y12,pi0,p,2.34278,0.404,-1.22694,2.34,0.404,-1.22,0.712108,18,5.75,sigma_U,2.23077,2.29857,yes,"PRC 90 025205 (2014) supplemental, phi table",192.838,7.40139,13.0025,-37.4054,7.93786,4.41244,-67.6668,16.234,43.428,187.321,7.24873,12.6305,-39.0977,7.80031,4.61206,-73.8286,15.6619,47.3825
CLAS6_y12,pi0,p,2.34667,0.404333,-1.72507,2.35,0.404,-1.73,0.711546,15,5.75,sigma_U,1.0752,1.08734,yes,"PRC 90 025205 (2014) supplemental, phi table",90.3782,6.60741,3.09583,-22.228,7.37878,5.65623,-12.8645,11.5536,8.31245,87.2029,6.42759,2.98706,-23.0169,7.27912,5.85697,-16.7453,11.1744,10.82
CLAS6_y12,pi0,p,2.71,0.336154,-0.177769,2.71,0.336,-0.18,0.420599,13,5.75,sigma_U,1.34299,1.34363,yes,"PRC 90 025205 (2014) supplemental, phi table",230.522,35.2566,29.0659,-77.599,51.2989,83.5682,59.6238,89.2102,186.821,227.147,34.7924,28.6402,-77.6964,50.6335,83.673,58.2432,87.8034,182.495
CLAS6_y12,pi0,p,2.712,0.342,-0.249,2.71,0.343,-0.25,0.440173,20,5.75,sigma_U,1.13173,1.13229,yes,"PRC 90 025205 (2014) supplemental, phi table",217.271,8.09927,9.99868,-5.85537,10.1655,4.19635,-75.6553,27.0788,21.9002,213.261,7.95696,9.81414,-7.73281,9.98113,5.54185,-75.5735,26.5717,21.8765
CLAS6_y12,pi0,p,2.7125,0.3422,-0.34925,2.71,0.343,-0.35,0.440631,20,5.75,sigma_U,2.07826,2.07608,yes,"PRC 90 025205 (2014) supplemental, phi table",220.56,8.05354,8.00218,15.4916,9.79628,7.59588,-96.8148,27.4889,27.9465,215.512,7.89307,7.81904,11.9955,9.57392,5.88165,-98.0125,26.8319,28.2923
CLAS6_y12,pi0,p,2.712,0.3424,-0.497,2.71,0.343,-0.49,0.441537,20,5.75,sigma_U,1.96872,1.99924,yes,"PRC 90 025205 (2014) supplemental, phi table",183.78,5.95714,9.39895,16.8528,7.39771,11.8961,-118.888,19.2045,30.7127,178.888,5.84049,9.14881,12.4065,7.20895,8.75754,-123.742,18.557,31.9666
CLAS6_y12,pi0,p,2.71222,0.344111,-1.22228,2.71,0.343,-1.22,0.447218,18,5.75,sigma_U,1.99125,1.98577,yes,"PRC 90 025205 (2014) supplemental, phi table",51.353,2.41887,4.50465,8.94074,2.72522,4.96708,-31.2996,9.62522,15.8982,50.0981,2.37501,4.39457,7.45845,2.63665,4.14358,-33.6078,9.36363,17.0706
CLAS6_y12,pi0,p,2.71053,0.343211,-0.783421,2.72,0.344,-0.78,0.444945,19,5.75,sigma_U,0.801561,0.77429,yes,"PRC 90 025205 (2014) supplemental, phi table",110.365,3.62141,5.79814,1.69077,4.63925,5.44804,-98.3011,13.5959,19.8588,107.606,3.55424,5.65321,-0.967046,4.48166,3.11604,-101.08,13.076,20.4202
CLAS6_y12,pi0,p,2.71333,0.344611,-1.72222,2.72,0.344,-1.73,0.448398,18,5.75,sigma_U,0.851063,0.846379,yes,"PRC 90 025205 (2014) supplemental, phi table",28.7355,1.89525,3.50433,-2.94211,2.15503,2.02904,-17.1122,5.54428,9.15304,28.2213,1.86014,3.44162,-3.38656,2.09016,2.33556,-17.6919,5.44208,9.46313
CLAS6_y12,pi0,p,2.75,0.422563,-0.498,2.75,0.423,-0.5,0.62726,16,5.75,sigma_U,0.900393,0.901792,yes,"PRC 90 025205 (2014) supplemental, phi table",322.928,19.2644,20.9953,-8.44021,23.38,16.8804,-59.3682,40.0893,15.8315,317.676,19.0568,20.6539,-10.3485,23.1008,20.697,-60.6395,39.3952,16.1705
CLAS6_y12,pi0,p,2.75,0.423316,-0.788474,2.75,0.423,-0.78,0.628603,19,5.75,sigma_U,2.14989,2.08823,yes,"PRC 90 025205 (2014) supplemental, phi table",232.443,6.88436,17.0032,4.30837,6.34502,16.0311,-57.9014,17.2113,23.9592,227.264,6.77666,16.6243,1.2059,6.24781,4.48706,-61.9333,16.7445,25.6276
CLAS6_y12,pi0,p,2.75,0.424278,-1.22772,2.75,0.424,-1.23,0.630306,18,5.75,sigma_U,0.950157,0.990134,yes,"PRC 90 025205 (2014) supplemental, phi table",140.738,4.93816,9.00245,-25.6512,5.62632,5.76656,-15.9849,12.7161,11.9886,136.732,4.83717,8.74621,-27.4089,5.52931,6.16169,-21.2297,12.3492,15.9223
CLAS6_y12,pi0,p,2.75,0.425429,-1.72693,2.75,0.424,-1.73,0.632328,14,5.75,sigma_U,0.974512,0.973128,yes,"PRC 90 025205 (2014) supplemental, phi table",69.2558,4.65286,2.89815,-12.6646,5.31888,3.66086,-3.05249,9.59602,13.5666,66.9222,4.48726,2.8005,-13.6988,5.22389,3.95981,-5.98607,9.27776,26.6047
CLAS6_y12,pi0,p,3.12083,0.362333,-0.350083,3.12,0.362,-0.35,0.327526,12,5.75,sigma_U,1.40499,1.40553,yes,"PRC 90 025205 (2014) supplemental, phi table",218.619,33.1108,138.758,0.771923,53.5117,164.42,27.75,116.511,409.056,213.204,32.0497,135.321,-3.41344,51.7644,727.062,23.8322,113.942,351.304
CLAS6_y12,pi0,p,3.12062,0.362687,-0.49725,3.12,0.362,-0.5,0.328959,16,5.75,sigma_U,0.786089,0.780909,yes,"PRC 90 025205 (2014) supplemental, phi table",166.623,14.175,19.9549,0.524868,22.7661,30.9672,-21.5185,71.2567,57.3826,162.237,13.6928,19.4296,-3.28835,21.966,194.013,-24.8228,69.6433,66.1942
CLAS6_y12,pi0,p,3.22889,0.431389,-0.788111,3.22,0.431,-0.78,0.493422,18,5.75,sigma_U,1.29095,1.27409,yes,"PRC 90 025205 (2014) supplemental, phi table",138.518,6.19237,6.50552,14.8544,7.86586,5.44661,-76.6289,17.3289,15.9229,135.151,6.08991,6.3474,12.3152,7.74269,4.51556,-79.0235,16.9335,16.4205
CLAS6_y12,pi0,p,3.22529,0.427647,-0.351412,3.23,0.428,-0.35,0.485598,17,5.75,sigma_U,1.50063,1.50287,yes,"PRC 90 025205 (2014) supplemental, phi table",276.619,21.6246,14.9793,-79.4446,28.5474,15.8889,66.1331,47.3868,19.7412,273.618,21.4193,14.8168,-80.0839,28.2863,16.0168,65.1955,46.7936,19.4613
CLAS6_y12,pi0,p,3.22889,0.430278,-0.497833,3.23,0.43,-0.5,0.490756,18,5.75,sigma_U,1.12636,1.13037,yes,"PRC 90 025205 (2014) supplemental, phi table",201.248,11.9956,17.0209,9.36478,16.373,15.9201,-45.7944,29.8213,30.8615,197.691,11.8377,16.7201,7.46724,16.1819,12.6943,-47.001,29.3289,31.6746
CLAS6_y12,pi0,p,3.22778,0.432722,-1.22633,3.23,0.432,-1.23,0.496966,18,5.75,sigma_U,1.61894,1.5988,yes,"PRC 90 025205 (2014) supplemental, phi table",75.4318,3.77356,9.19169,5.62753,4.27805,12.059,-76.4591,10.7862,31.7752,73.5665,3.65912,8.96439,4.08235,4.06638,8.74789,-77.3668,10.493,32.1524
CLAS6_y12,pi0,p,3.22733,0.433533,-1.72807,3.23,0.432,-1.73,0.499027,15,5.75,sigma_U,1.10988,1.11589,yes,"PRC 90 025205 (2014) supplemental, phi table",65.3196,5.00094,6.69177,18.6659,5.71123,6.15577,34.6833,14.1144,14.8643,63.9843,4.89723,6.55496,17.6477,5.59288,5.81997,32.9431,13.8815,14.1185
CLAS6_y12,pi0,p,3.28909,0.496545,-1.23255,3.29,0.496,-1.23,0.602659,11,5.75,sigma_U,0.929973,0.935603,yes,"PRC 90 025205 (2014) supplemental, phi table",140.249,16.6122,18.032,-12.4121,22.7819,10.0331,-54.5024,44.8229,12.1116,136.478,16.2441,17.5471,-13.9337,22.4154,11.2631,-57.6178,43.7554,12.804
CLAS6_y12,pi0,p,3.679,0.451,-0.7899,3.67,0.451,-0.78,0.387696,10,5.75,sigma_U,1.94748,1.95005,yes,"PRC 90 025205 (2014) supplemental, phi table",144.623,35.7226,22.9402,-22.3851,34.8036,28.4901,7.47043,102.319,52.293,141.285,35.0397,22.4107,-23.5155,34.3231,29.9289,3.99193,100.228,27.9435
CLAS6_y12,pi0,p,3.676,0.4513,-1.2281,3.67,0.451,-1.23,0.389567,10,5.75,sigma_U,1.94823,1.95309,yes,"PRC 90 025205 (2014) supplemental, phi table",76.7205,14.8405,1.79347,2.03398,17.5673,2.94927,-23.4876,48.2639,8.61213,74.9263,14.5921,1.75152,0.806451,17.3042,1.16935,-25.6099,47.3165,9.3903
CLAS6_y12,pi0,p,3.67429,0.450286,-0.497929,3.68,0.451,-0.49,0.387412,14,5.75,sigma_U,0.854957,0.855815,yes,"PRC 90 025205 (2014) supplemental, phi table",184.88,25.8413,17.9883,-32.134,39.5162,29.1214,-38.8513,66.7824,58.2769,181.696,25.4361,17.6785,-33.332,38.9519,30.2071,-39.7507,65.4241,59.626
CLAS6_y12,pi0,p,3.679,0.4519,-1.7295,3.68,0.451,-1.73,0.390138,10,5.75,sigma_U,1.39906,1.39284,yes,"PRC 90 025205 (2014) supplemental, phi table",47.0302,6.86837,3.9025,-14.84,9.46902,7.3695,-27.7307,27.1811,8.11379,46.217,6.77118,3.83503,-15.2403,9.34133,7.56829,-28.2218,26.4909,8.25748
CLAS6_y12,pi0,p,3.75857,0.512857,-0.792143,3.76,0.513,-0.78,0.504206,14,5.75,sigma_U,1.06737,1.0706,yes,"PRC 90 025205 (2014) supplemental, phi table",189.409,36.9685,39.8756,24.4976,45.9838,37.7671,-40.1496,56.9419,42.2085,185.374,36.4461,39.0261,23.3129,45.3574,35.9408,-42.8531,55.9043,45.0507
CLAS6_y12,pi0,p,3.75357,0.513571,-1.23271,3.76,0.514,-1.23,0.506969,14,5.75,sigma_U,0.216598,0.221763,yes,"PRC 90 025205 (2014) supplemental, phi table",131.998,13.2748,10.9999,1.31704,14.4525,11.0631,-16.8942,37.1591,39.7512,128.787,13.0297,10.7323,-0.106264,14.2589,0.892617,-20.5334,36.1962,48.3138
CLAS6_y12,pi0,p,4.22615,0.538154,-0.791,4.23,0.539,-0.78,0.42222,13,5.75,sigma_U,1.04464,1.04528,yes,"PRC 90 025205 (2014) supplemental, phi table",177.903,42.4651,44.9755,-28.3831,60.9553,57.7798,-34.058,74.4326,64.1092,175.017,41.7987,44.2458,-29.2636,59.991,59.5724,-34.6599,73.0413,65.2422
CLAS6_y12,eta,p,1.16592,0.133,-0.119769,1.17,0.134,-0.12,0.339554,13,5.75,sigma_U,0.366285,0.366554,yes,"PRC 95 035202 (2017) supplemental, phi table",159.372,27.6812,22.3101,8.23053,51.1055,33.3236,94.0176,110.286,134.432,157.508,27.4094,22.0491,7.44583,50.6323,30.1465,92.2029,109.095,131.838
CLAS6_y12,eta,p,1.1658,0.133,-0.174667,1.17,0.134,-0.17,0.339709,15,5.75,sigma_U,0.487149,0.486772,yes,"PRC 95 035202 (2017) supplemental, phi table",144.597,17.9651,16.1885,2.25389,27.476,20.6948,-4.52845,77.6432,199.041,143.052,17.7844,16.0154,1.50042,27.1998,13.7766,-4.68248,76.7591,205.811
CLAS6_y12,eta,p,1.166,0.133,-0.249611,1.17,0.134,-0.25,0.339458,18,5.75,sigma_U,0.866959,0.867289,yes,"PRC 95 035202 (2017) supplemental, phi table",117.225,10.3142,10.6932,-22.8105,15.3968,10.2647,-75.7822,42.5537,30.7998,116.122,10.2177,10.5926,-23.1662,15.2483,10.4248,-75.237,42.1251,30.5782
CLAS6_y12,eta,p,1.16595,0.133,-0.349684,1.17,0.134,-0.35,0.339524,19,5.75,sigma_U,0.908104,0.90804,yes,"PRC 95 035202 (2017) supplemental, phi table",93.9001,8.82324,3.59617,-1.31995,13.1144,4.26447,-31.4101,37.8278,9.51822,93.0384,8.74229,3.56317,-1.82709,12.9883,5.90292,-31.6518,37.4941,9.59146
CLAS6_y12,eta,p,1.1659,0.133,-0.4996,1.17,0.134,-0.5,0.339584,20,5.75,sigma_U,1.88611,1.88582,yes,"PRC 95 035202 (2017) supplemental, phi table",51.0692,4.32283,5.89644,1.83442,6.21155,4.48413,-36.0764,19.2441,10.5796,50.6717,4.29053,5.85055,1.59265,6.16083,3.89314,-36.0106,19.0938,10.5603
CLAS6_y12,eta,p,1.1659,0.133,-0.79955,1.17,0.134,-0.8,0.339584,20,5.75,sigma_U,0.785256,0.786031,yes,"PRC 95 035202 (2017) supplemental, phi table",36.2945,2.48202,1.59976,1.11453,3.12538,5.67395,-43.1986,10.0694,14.1513,36.1036,2.46968,1.59134,1.01974,3.10776,5.1914,-43.0466,10.0145,14.1015
CLAS6_y12,eta,p,1.16587,0.133,-1.24967,1.17,0.134,-1.25,0.339625,15,5.75,sigma_U,1.58725,1.58722,yes,"PRC 95 035202 (2017) supplemental, phi table",16.2366,1.72971,1.80406,-1.20134,2.43677,3.00335,-14.5897,6.58511,5.32469,16.2071,1.72668,1.80078,-1.20534,2.43329,3.01335,-14.5389,6.57363,5.30616
CLAS6_y12,eta,p,1.388,0.17,-0.1194,1.39,0.17,-0.12,0.431074,15,5.75,sigma_U,0.405757,0.405569,yes,"PRC 95 035202 (2017) supplemental, phi table",134.043,15.5216,21.6908,26.4387,20.0048,14.3294,15.4722,53.5528,27.9924,132.704,15.3771,21.4741,25.7293,19.8174,13.9449,15.1024,53.0263,27.3234
CLAS6_y12,eta,p,1.38792,0.169923,-0.174615,1.39,0.17,-0.17,0.430577,13,5.75,sigma_U,0.481191,0.481386,yes,"PRC 95 035202 (2017) supplemental, phi table",156.321,18.1612,21.889,-18.3582,23.6229,29.1095,-0.447399,57.6632,8.94798,154.852,17.9914,21.6832,-18.7266,23.3947,29.6935,-0.406389,57.1078,8.12777
CLAS6_y12,eta,p,1.388,0.17,-0.2496,1.39,0.17,-0.25,0.431074,20,5.75,sigma_U,1.46809,1.46847,yes,"PRC 95 035202 (2017) supplemental, phi table",101.726,8.01979,7.89429,10.6556,10.1212,6.43358,-23.2111,25.426,26.5559,100.72,7.94563,7.81622,10.0629,10.0216,6.07574,-23.467,25.1865,26.8487
CLAS6_y12,eta,p,1.3879,0.16995,-0.34945,1.39,0.17,-0.35,0.430798,20,5.75,sigma_U,1.04826,1.04772,yes,"PRC 95 035202 (2017) supplemental, phi table",104.595,8.03434,6.29971,7.71243,9.41267,9.3361,-81.5719,25.8071,15.683,103.635,7.96493,6.24188,7.1705,9.32321,8.68008,-81.4521,25.5789,15.66
CLAS6_y12,eta,p,1.38795,0.169842,-0.499421,1.39,0.17,-0.5,0.429956,19,5.75,sigma_U,1.63216,1.63098,yes,"PRC 95 035202 (2017) supplemental, phi table",65.2881,4.52241,2.69951,4.34998,5.0348,3.13603,-65.7077,15.2543,17.0656,64.7517,4.48763,2.67733,4.04318,4.99163,2.91485,-65.5734,15.1281,17.0307
CLAS6_y12,eta,p,1.38795,0.1698,-0.79955,1.39,0.17,-0.8,0.429642,20,5.75,sigma_U,2.49467,2.49512,yes,"PRC 95 035202 (2017) supplemental, phi table",38.9631,2.36845,2.59754,5.7967,2.85395,3.35598,-12.2698,8.26155,4.63984,38.694,2.35337,2.5796,5.59645,2.83309,3.24005,-12.4191,8.20655,4.6963
CLAS6_y12,eta,p,1.3879,0.169895,-1.24963,1.39,0.17,-1.25,0.430394,19,5.75,sigma_U,1.55284,1.55299,yes,"PRC 95 035202 (2017) supplemental, phi table",16.8662,1.51136,2.0958,-1.76219,1.89608,1.14024,-6.22448,5.35723,3.0085,16.8078,1.50656,2.08854,-1.78767,1.88992,1.15673,-6.21422,5.33787,3.00354
CLAS6_y12,eta,p,1.619,0.187,-0.2495,1.62,0.187,-0.25,0.348611,14,5.75,sigma_U,0.405736,0.405469,yes,"PRC 95 035202 (2017) supplemental, phi table",117.117,14.6022,11.6017,-6.17728,22.5573,13.7959,11.8521,57.0027,33.5636,116.06,14.4885,11.4969,-6.72553,22.3815,15.0204,11.4013,56.498,32.287
CLAS6_y12,eta,p,1.619,0.187,-0.349714,1.62,0.187,-0.35,0.348611,14,5.75,sigma_U,0.490333,0.490651,yes,"PRC 95 035202 (2017) supplemental, phi table",98.3673,13.2312,8.99701,-20.8376,20.9568,6.98007,-23.0861,50.8837,51.9437,97.5438,13.1372,8.92169,-21.1526,20.8135,7.08559,-23.434,50.4498,52.7266
CLAS6_y12,eta,p,1.619,0.187,-0.499643,1.62,0.187,-0.5,0.348611,14,5.75,sigma_U,1.2383,1.23867,yes,"PRC 95 035202 (2017) supplemental, phi table",70.9474,7.64159,3.59734,-5.91474,11.0589,7.15994,-23.8384,32.2079,39.3807,70.3928,7.59178,3.56921,-6.23177,10.9846,7.54372,-23.962,31.938,39.5849
CLAS6_y12,eta,p,1.61895,0.187,-0.799684,1.62,0.187,-0.8,0.348658,19,5.75,sigma_U,0.883085,0.882343,yes,"PRC 95 035202 (2017) supplemental, phi table",38.4981,3.34231,1.69992,-4.46049,4.54116,2.17838,-45.4432,13.1139,9.19432,38.2775,3.32491,1.69018,-4.55851,4.51734,2.22625,-45.3221,13.0323,9.16981
CLAS6_y12,eta,p,1.61891,0.187,-1.24964,1.62,0.187,-1.25,0.348692,11,5.75,sigma_U,0.558901,0.558614,yes,"PRC 95 035202 (2017) supplemental, phi table",18.2974,2.71976,2.19969,-1.23203,3.91712,1.6427,-16.7125,12.0967,6.09639,18.2326,2.71133,2.1919,-1.26615,3.90421,1.6882,-16.706,12.0544,6.09401
CLAS6_y12,eta,p,1.77087,0.224,-0.174667,1.77,0.224,-0.18,0.462438,15,5.75,sigma_U,0.67032,0.671038,yes,"PRC 95 035202 (2017) supplemental, phi table",93.292,11.4097,11.999,17.3681,15.0441,12.2296,22.9687,35.08,31.0754,92.526,11.324,11.9005,16.9853,14.934,11.9601,22.6555,34.8173,30.6516
CLAS6_y12,eta,p,1.7709,0.224,-0.24965,1.77,0.224,-0.25,0.462416,20,5.75,sigma_U,1.24239,1.24205,yes,"PRC 95 035202 (2017) supplemental, phi table",96.4109,6.41585,6.70076,24.5887,7.44725,6.27578,-31.3899,20.8834,15.5903,95.5467,6.36118,6.64069,24.044,7.37732,6.13675,-31.4011,20.7049,15.5959
CLAS6_y12,eta,p,1.77085,0.224,-0.34945,1.77,0.224,-0.35,0.46245,20,5.75,sigma_U,0.720164,0.720047,yes,"PRC 95 035202 (2017) supplemental, phi table",104.984,6.62699,4.09937,7.93909,7.17786,6.28941,-62.6778,20.1947,14.079,104.088,6.57349,4.06438,7.45716,7.11308,5.90762,-62.6169,20.0248,14.0654
CLAS6_y12,eta,p,1.7707,0.224,-0.49935,1.77,0.224,-0.5,0.462552,20,5.75,sigma_U,2.5155,2.5156,yes,"PRC 95 035202 (2017) supplemental, phi table",77.8837,3.96635,4.19912,2.92727,4.5161,3.45,-26.5132,12.2674,18.0582,77.2306,3.93513,4.16391,2.53511,4.47547,2.98781,-26.7,12.1653,18.1854
CLAS6_y12,eta,p,1.7708,0.224,-0.79955,1.77,0.224,-0.8,0.462484,20,5.75,sigma_U,1.69146,1.69146,yes,"PRC 95 035202 (2017) supplemental, phi table",46.9481,2.20769,3.20328,2.11554,2.50248,2.11554,-16.2308,6.79083,6.9112,46.5973,2.1925,3.17935,1.88623,2.48175,1.88623,-16.371,6.73898,6.97089
CLAS6_y12,eta,p,1.7708,0.224,-1.24935,1.77,0.224,-1.25,0.462484,20,5.75,sigma_U,1.09074,1.09026,yes,"PRC 95 035202 (2017) supplemental, phi table",24.4746,1.47081,1.79813,3.1286,1.52723,1.87716,-23.6311,4.35366,2.83573,24.3459,1.46356,1.78868,3.04452,1.51774,1.82671,-23.6223,4.33107,2.83467
CLAS6_y12,eta,p,1.77093,0.224,-1.74971,1.77,0.224,-1.75,0.462396,14,5.75,sigma_U,1.15292,1.15304,yes,"PRC 95 035202 (2017) supplemental, phi table",12.8925,1.65941,1.49913,-0.899096,2.14251,1.79819,-0.559868,5.1414,5.03881,12.8586,1.65541,1.49518,-0.916359,2.13765,1.83272,-0.574625,5.12769,5.17162
CLAS6_y12,eta,p,1.878,0.271,-0.2495,1.88,0.271,-0.25,0.594187,16,5.75,sigma_U,1.5567,1.5539,yes,"PRC 95 035202 (2017) supplemental, phi table",137.497,13.8096,27.8993,27.5129,15.4767,19.3795,62.971,33.2841,47.1527,136.482,13.7052,27.6935,27.0028,15.3532,19.0202,62.4396,33.0371,46.7548
CLAS6_y12,eta,p,1.87794,0.271,-0.349471,1.88,0.272,-0.35,0.594216,17,5.75,sigma_U,1.24933,1.24992,yes,"PRC 95 035202 (2017) supplemental, phi table",125.891,13.3016,11.4992,19.0124,15.469,14.7874,-1.0636,31.7078,75.6126,124.809,13.2056,11.4004,18.4633,15.3649,14.3604,-1.53164,31.4688,108.886
CLAS6_y12,eta,p,1.8779,0.271,-0.49955,1.88,0.271,-0.5,0.594236,20,5.75,sigma_U,1.03317,1.03322,yes,"PRC 95 035202 (2017) supplemental, phi table",103.943,7.10617,3.69797,6.57947,6.78075,6.47825,-34.6417,17.3875,31.4098,103.056,7.0485,3.66642,6.13621,6.71805,6.04181,-34.75,17.2432,31.508
CLAS6_y12,eta,p,1.878,0.271,-0.7995,1.88,0.272,-0.8,0.594187,20,5.75,sigma_U,0.458735,0.458828,yes,"PRC 95 035202 (2017) supplemental, phi table",81.8666,4.65136,5.09792,-2.34061,4.01931,3.05297,-61.112,10.6204,10.6062,81.2219,4.61705,5.05777,-2.60908,3.9825,3.40314,-60.9645,10.5319,10.5806
CLAS6_y12,eta,p,1.87788,0.271,-1.24953,1.88,0.272,-1.25,0.594244,17,5.75,sigma_U,1.49766,1.49833,yes,"PRC 95 035202 (2017) supplemental, phi table",43.6481,3.37191,5.60618,-4.06206,3.44659,4.46827,-23.4554,7.93773,7.07706,43.354,3.35099,5.5684,-4.18885,3.42281,4.60774,-23.4485,7.87822,7.07498
CLAS6_y12,eta,p,1.9544,0.313,-1.2498,1.95,0.313,-1.25,0.673597,10,5.75,sigma_U,0.30038,0.300682,yes,"PRC 95 035202 (2017) supplemental, phi table",100.912,18.233,10.3012,6.9424,18.6098,19.0161,9.5851,38.5175,35.0108,99.9083,18.0457,10.1988,6.36837,18.4277,17.4438,8.81563,38.1662,32.2002
CLAS6_y12,eta,p,2.107,0.238,-0.499091,2.11,0.238,-0.5,0.307493,11,5.75,sigma_U,0.274285,0.27468,yes,"PRC 95 035202 (2017) supplemental, phi table",121.41,21.0775,10.4922,-43.5564,30.6472,8.85543,-100.871,82.8414,16.9865,120.554,20.9573,10.4182,-43.767,30.4823,8.89825,-100.093,82.1538,16.8556
CLAS6_y12,eta,p,2.107,0.238,-0.7991,2.11,0.238,-0.8,0.307493,10,5.75,sigma_U,0.39866,0.398047,yes,"PRC 95 035202 (2017) supplemental, phi table",55.8469,10.5979,6.60555,-14.6183,18.9544,4.11782,-1.44166,43.6562,85.8817,55.5027,10.5482,6.56483,-14.7902,18.8689,4.16625,-1.65198,43.3809,98.4109
CLAS6_y12,eta,p,2.23571,0.276,-0.249643,2.24,0.276,-0.25,0.424053,14,5.75,sigma_U,0.44246,0.442427,yes,"PRC 95 035202 (2017) supplemental, phi table",96.9856,11.6107,10.8984,-1.02458,17.2256,20.594,2.10634,36.225,26.0132,96.2967,11.5378,10.821,-1.30658,17.1238,26.2623,1.96717,35.9723,24.2945
CLAS6_y12,eta,p,2.23576,0.276,-0.349588,2.24,0.276,-0.35,0.424025,17,5.75,sigma_U,0.825103,0.825159,yes,"PRC 95 035202 (2017) supplemental, phi table",80.7589,9.3421,5.79705,-2.0753,13.3942,4.87696,16.2544,31.0518,16.6766,80.1469,9.28316,5.75312,-2.37169,13.3142,5.57348,15.9096,30.8271,16.3229
CLAS6_y12,eta,p,2.23589,0.276,-0.4995,2.24,0.276,-0.5,0.423954,18,5.75,sigma_U,1.25304,1.25222,yes,"PRC 95 035202 (2017) supplemental, phi table",62.5419,5.2811,7.30489,-8.11218,7.34723,5.51212,-5.57477,18.9875,26.2961,62.0841,5.24765,7.25143,-8.32572,7.30276,5.65722,-5.66811,18.8323,26.7364
CLAS6_y12,eta,p,2.23585,0.276,-0.79955,2.24,0.276,-0.8,0.423976,20,5.75,sigma_U,0.663,0.662837,yes,"PRC 95 035202 (2017) supplemental, phi table",44.1001,2.80203,2.3,3.54965,3.4079,2.19243,-26.3401,9.55524,4.95193,43.7701,2.78346,2.2828,3.32542,3.38246,2.05393,-26.4113,9.48405,4.96532
CLAS6_y12,eta,p,2.23561,0.276,-1.24978,2.24,0.276,-1.25,0.424112,18,5.75,sigma_U,1.47991,1.47915,yes,"PRC 95 035202 (2017) supplemental, phi table",24.1699,2.11586,2.39702,-1.60149,2.87714,2.45561,-18.407,6.74675,4.54886,24.0341,2.10586,2.38355,-1.67275,2.86363,2.56489,-18.4321,6.70696,4.55507
CLAS6_y12,eta,p,2.23564,0.276,-1.74964,2.24,0.276,-1.75,0.424097,11,5.75,sigma_U,0.345049,0.344954,yes,"PRC 95 035202 (2017) supplemental, phi table",14.7344,2.08477,2.40562,-1.33719,2.6552,2.57152,-10.4035,6.33817,6.051,14.6805,2.07782,2.39681,-1.36319,2.64578,2.62153,-10.3977,6.31301,6.04763
CLAS6_y12,eta,p,2.26167,0.334,-0.25325,2.26,0.335,-0.25,0.605906,12,5.75,sigma_U,1.36397,1.36209,yes,"PRC 95 035202 (2017) supplemental, phi table",142.367,31.88,41.1904,-35.7041,35.6022,50.1869,62.1419,53.6948,73.3395,141.738,31.7415,41.0085,-35.7423,35.4476,50.2406,61.7887,53.4292,72.9227
CLAS6_y12,eta,p,2.263,0.338,-0.349353,2.26,0.338,-0.35,0.615134,17,5.75,sigma_U,1.17478,1.17495,yes,"PRC 95 035202 (2017) supplemental, phi table",116.775,11.6788,6.9985,-7.92751,13.296,12.2425,6.45809,26.5191,40.5649,116.081,11.6165,6.95693,-8.11427,13.228,12.5309,6.37232,26.3475,40.0261
CLAS6_y12,eta,p,2.263,0.338,-0.499579,2.26,0.338,-0.5,0.615134,19,5.75,sigma_U,1.78826,1.78817,yes,"PRC 95 035202 (2017) supplemental, phi table",137.75,6.72568,7.69719,-1.85243,7.18346,6.23976,-38.4838,15.7076,4.2423,136.77,6.6821,7.64246,-2.21746,7.1379,7.46936,-38.5218,15.5966,4.2465
CLAS6_y12,eta,p,2.263,0.338,-0.79945,2.26,0.338,-0.8,0.615134,20,5.75,sigma_U,2.19907,2.19883,yes,"PRC 95 035202 (2017) supplemental, phi table",88.7981,3.58258,3.79992,8.14229,3.32203,3.81984,-50.1087,7.96866,6.76872,88.0488,3.5547,3.76785,7.76319,3.29044,3.64199,-50.0695,7.90049,6.76343
CLAS6_y12,eta,p,2.263,0.338,-1.24963,2.26,0.338,-1.25,0.615134,19,5.75,sigma_U,1.59431,1.59074,yes,"PRC 95 035202 (2017) supplemental, phi table",51.1911,2.67836,5.49904,3.14612,2.81167,6.5967,-16.6452,6.22705,10.7585,50.7411,2.65743,5.45071,2.88903,2.78856,6.05764,-16.8281,6.16769,10.8767
CLAS6_y12,eta,p,2.263,0.338,-1.74956,2.26,0.338,-1.75,0.615134,16,5.75,sigma_U,3.23114,3.22766,yes,"PRC 95 035202 (2017) supplemental, phi table",28.49,2.89519,4.39846,-11.498,3.17962,6.05158,13.8814,5.14325,4.6609,28.306,2.87971,4.37005,-11.5311,3.16527,6.06898,13.6821,5.09521,4.594
CLAS6_y12,eta,p,2.35214,0.404,-0.499571,2.35,0.404,-0.5,0.709602,14,5.75,sigma_U,1.37073,1.37012,yes,"PRC 95 035202 (2017) supplemental, phi table",215.119,33.99,19.6017,-38.953,37.4823,29.014,-48.492,54.555,40.5606,214.078,33.8317,19.5069,-39.1483,37.3094,29.1594,-48.1839,54.2272,40.3029
CLAS6_y12,eta,p,2.35206,0.404,-0.799563,2.35,0.404,-0.8,0.709623,16,5.75,sigma_U,1.87557,1.87303,yes,"PRC 95 035202 (2017) supplemental, phi table",165.472,14.6447,19.3967,-26.8294,15.1427,16.1177,6.56306,27.6639,16.4581,164.241,14.5457,19.2524,-27.1496,15.0509,16.31,6.39032,27.423,16.025
CLAS6_y12,eta,p,2.35207,0.404,-1.24953,2.35,0.404,-1.25,0.709622,15,5.75,sigma_U,2.09548,2.09481,yes,"PRC 95 035202 (2017) supplemental, phi table",114.387,12.0663,20.3977,-9.75377,12.9404,17.9992,-30.075,21.1607,24.2411,113.312,11.9768,20.206,-10.151,12.8553,18.7322,-30.2763,20.9525,24.4033
CLAS6_y12,eta,p,2.35209,0.404,-1.74991,2.35,0.404,-1.75,0.709616,11,5.75,sigma_U,0.713483,0.712037,yes,"PRC 95 035202 (2017) supplemental, phi table",84.0061,24.6623,55.204,1.43227,28.0116,78.3657,-12.1123,38.6411,101.743,82.9576,24.4225,54.515,1.13538,27.7746,62.1214,-12.8645,38.1689,108.062
CLAS6_y12,eta,p,2.734,0.342,-0.349615,2.73,0.343,-0.35,0.430226,13,5.75,sigma_U,1.28903,1.28884,yes,"PRC 95 035202 (2017) supplemental, phi table",94.2045,20.7376,14.9007,-29.3595,30.2694,16.4825,48.1627,50.9695,30.6775,93.6488,20.6355,14.8128,-29.3806,30.1217,16.4944,47.7432,50.6636,30.4104
CLAS6_y12,eta,p,2.734,0.342,-0.499316,2.73,0.343,-0.5,0.430226,19,5.75,sigma_U,1.35307,1.35419,yes,"PRC 95 035202 (2017) supplemental, phi table",79.0786,6.1022,3.19913,-3.89685,8.50429,7.07586,19.4848,19.9095,15.65,78.5301,6.06464,3.17694,-4.16163,8.45399,7.55665,19.076,19.7782,15.3216
CLAS6_y12,eta,p,2.734,0.342,-0.7993,2.73,0.343,-0.8,0.430226,20,5.75,sigma_U,1.11014,1.11255,yes,"PRC 95 035202 (2017) supplemental, phi table",58.884,3.40215,2.29937,12.7767,4.39404,4.49739,-8.83465,11.1349,5.71654,58.4012,3.37682,2.28052,12.3841,4.3583,4.35922,-9.22782,11.0535,5.97094
CLAS6_y12,eta,p,2.734,0.342,-1.24965,2.73,0.343,-1.25,0.430226,17,5.75,sigma_U,2.45607,2.45545,yes,"PRC 95 035202 (2017) supplemental, phi table",28.6485,2.4384,2.90492,-0.156606,3.26466,0.939636,-4.3723,7.54124,10.202,28.4436,2.42395,2.88414,-0.291203,3.24442,1.74722,-4.54009,7.48593,10.5935
CLAS6_y12,eta,p,2.734,0.342,-1.74969,2.73,0.343,-1.75,0.430226,16,5.75,sigma_U,1.73072,1.73137,yes,"PRC 95 035202 (2017) supplemental, phi table",18.7261,2.17447,2.70377,-4.97232,3.04228,2.48616,2.6725,6.32245,10.4762,18.625,2.16305,2.68917,-5.0148,3.02592,2.5074,2.57626,6.28101,10.0989
CLAS6_y12,eta,p,2.767,0.423,-0.501,2.77,0.424,-0.5,0.623014,15,5.75,sigma_U,1.45004,1.45283,yes,"PRC 95 035202 (2017) supplemental, phi table",164.373,20.6638,20.9966,-53.6578,23.5129,25.3746,27.0127,36.803,33.54,163.664,20.5755,20.9059,-53.6898,23.4127,25.3898,27.0015,36.6073,33.526
CLAS6_y12,eta,p,2.76806,0.424,-0.799438,2.77,0.424,-0.8,0.6245,16,5.75,sigma_U,2.20622,2.20345,yes,"PRC 95 035202 (2017) supplemental, phi table",100.859,7.47169,11.4953,12.1854,8.45053,13.284,-17.331,16.9879,22.5706,100.098,7.42415,11.4086,11.7883,8.40306,12.8512,-17.452,16.8514,22.7282
CLAS6_y12,eta,p,2.76806,0.424,-1.24981,2.77,0.424,-1.25,0.6245,16,5.75,sigma_U,2.72775,2.7257,yes,"PRC 95 035202 (2017) supplemental, phi table",67.7562,5.52364,7.39522,7.95839,6.41617,6.14508,-29.9617,12.6291,13.7743,67.1216,5.48084,7.32596,7.61283,6.37444,5.87826,-30.0881,12.5042,13.8325
CLAS6_y12,eta,p,2.76807,0.424,-1.74973,2.77,0.424,-1.75,0.624499,15,5.75,sigma_U,0.651117,0.653303,yes,"PRC 95 035202 (2017) supplemental, phi table",45.3038,6.32988,6.90058,-4.39696,7.63091,10.2929,9.22983,11.9321,17.6571,44.7865,6.28223,6.82179,-4.51976,7.58561,10.5804,8.67163,11.8178,16.5892
CLAS6_y12,eta,p,3.246,0.429846,-0.501,3.25,0.43,-0.5,0.483858,13,5.75,sigma_U,0.767322,0.767236,yes,"PRC 95 035202 (2017) supplemental, phi table",108.369,20.6527,14.7957,-22.4234,27.3373,17.6761,21.4667,43.4043,23.705,107.892,20.5724,14.7306,-22.5275,27.23,17.7581,21.3346,43.184,23.5591
CLAS6_y12,eta,p,3.24577,0.43,-0.799647,3.25,0.431,-0.8,0.484314,17,5.75,sigma_U,1.23688,1.23759,yes,"PRC 95 035202 (2017) supplemental, phi table",62.1668,5.34334,4.69749,9.99274,7.05355,4.79244,-23.7669,15.1082,12.1385,61.7179,5.31327,4.66357,9.73241,7.01593,4.66758,-23.8911,15.0086,12.2019
CLAS6_y12,eta,p,3.24556,0.43,-1.24967,3.25,0.431,-1.25,0.484386,18,5.75,sigma_U,1.62352,1.62213,yes,"PRC 95 035202 (2017) supplemental, phi table",47.1257,4.19104,3.90213,-3.61944,5.58424,8.64644,-0.588397,12.0454,133.664,46.7505,4.16398,3.87106,-3.79869,5.55135,9.07465,-0.834493,11.943,189.569
CLAS6_y12,eta,p,3.24583,0.43,-1.74992,3.25,0.431,-1.75,0.48429,12,5.75,sigma_U,0.893732,0.894674,yes,"PRC 95 035202 (2017) supplemental, phi table",30.6208,4.94552,3.50238,-7.49096,7.04528,4.61771,6.50945,12.0701,13.6388,30.3681,4.91399,3.47348,-7.565,7.00907,4.66336,6.2463,11.9772,13.0875
CLAS6_y12,eta,p,3.303,0.497,-1.7495,3.3,0.497,-1.75,0.599771,10,5.75,sigma_U,0.815979,0.816414,yes,"PRC 95 035202 (2017) supplemental, phi table",128.57,38.3839,34.9919,-6.87209,42.2793,19.8078,17.5317,77.8388,52.4944,127.095,38.0136,34.5903,-7.23086,41.9912,20.8419,16.2547,77.0251,48.6708
CLAS6_y12,eta,p,3.68892,0.451,-0.799583,3.69,0.451,-0.8,0.384196,12,5.75,sigma_U,0.907122,0.906767,yes,"PRC 95 035202 (2017) supplemental, phi table",68.0773,11.7358,5.89803,-12.2921,18.4889,5.5873,7.09665,48.3542,25.9182,67.6678,11.6698,5.86255,-12.4474,18.3946,5.65791,7.00869,48.0212,25.597
CLAS6_y12,eta,p,3.76917,0.513,-0.801,3.77,0.513,-0.8,0.501501,12,5.75,sigma_U,1.85614,1.85475,yes,"PRC 95 035202 (2017) supplemental, phi table",71.3074,42.9584,10.786,15.3622,58.1719,25.671,-39.4449,77.1279,30.4986,71.0506,42.7344,10.7472,14.9843,57.8655,25.0395,-39.1099,76.6754,30.2396
CLAS6_y12,eta,p,3.77061,0.513,-1.24969,3.77,0.514,-1.25,0.501093,13,5.75,sigma_U,1.34099,1.34062,yes,"PRC 95 035202 (2017) supplemental, phi table",56.4843,14.2964,7.29798,11.6775,20.4491,11.2713,-30.1431,35.4848,23.3201,56.0444,14.1966,7.24113,11.3538,20.3159,10.9589,-30.0963,35.1767,23.284
CLAS6_y12,eta,p,3.77046,0.513,-1.74982,3.77,0.513,-1.75,0.501138,11,5.75,sigma_U,0.875593,0.875363,yes,"PRC 95 035202 (2017) supplemental, phi table",57.2017,17.5625,9.10027,-3.468,24.1976,8.97599,-17.7156,34.956,16.2902,56.6806,17.4434,9.01736,-3.66923,24.0414,9.49684,-17.9428,34.6334,16.4992
CLAS6_y12,eta,p,4.244,0.539,-1.24982,4.24,0.54,-1.25,0.418883,11,5.75,sigma_U,0.819858,0.819319,yes,"PRC 95 035202 (2017) supplemental, phi table",100.632,30.2262,12.6914,-46.961,45.5893,15.6199,49.5305,74.0846,21.0377,99.935,30.0154,12.6035,-46.9211,45.2807,15.6066,49.0009,73.4666,20.8128
HallA_y16,pi0,p,1.5,0.36,-0.22767,,,,,,3.355 + 5.55,sigma_T,,,no,"PRL 117 262001 (2016), table I",1611.71,179.585,0,-169.23,37.4904,0,-439.851,91.4886,0,,,,,,,,,
HallA_y16,pi0,p,1.75,0.36,-0.18288,,,,,,4.455 + 5.55,sigma_T,,,no,"PRL 117 262001 (2016), table I",889.78,101.047,0,-16.857,6.2748,0,-116.776,19.8532,0,,,,,,,,,
HallA_y16,pi0,p,1.75,0.36,-0.2319,,,,,,4.455 + 5.55,sigma_T,,,no,"PRL 117 262001 (2016), table I",1032.66,123.592,0,-17.238,7.8998,0,-243.039,23.1091,0,,,,,,,,,
HallA_y16,pi0,p,1.75,0.36,-0.28097,,,,,,4.455 + 5.55,sigma_T,,,no,"PRL 117 262001 (2016), table I",1136.03,145.748,0,13.047,10.8563,0,-321.289,28.2996,0,,,,,,,,,
HallA_y16,pi0,p,2,0.36,-0.18541,,,,,,4.455 + 5.55,sigma_T,,,no,"PRL 117 262001 (2016), table I",331.63,58.8313,0,-1.59,7.011,0,-110.358,21.5383,0,,,,,,,,,
HallA_y16,pi0,p,2,0.36,-0.2349,,,,,,4.455 + 5.55,sigma_T,,,no,"PRL 117 262001 (2016), table I",652.64,80.6495,0,-6.168,9.2549,0,-192.265,26.422,0,,,,,,,,,
HallA_y17,pi0,n,1.75,0.36,-0.18273,,,,,,E07-007 pair,sigma_T,,,yes,PRL 118 222002 (2017),263.83,237.026,0,37.591,21.1602,0,-47.397,47.0435,0,,,,,,,,,
HallA_y17,pi0,n,1.75,0.36,-0.23219,,,,,,E07-007 pair,sigma_T,,,yes,PRL 118 222002 (2017),504.73,213.207,0,-26.939,19.685,0,-80.554,42.9743,0,,,,,,,,,
HallA_y17,pi0,n,1.75,0.36,-0.28173,,,,,,E07-007 pair,sigma_T,,,yes,PRL 118 222002 (2017),257.14,212.378,0,-50.319,21.1804,0,-78.214,45.5613,0,,,,,,,,,
HallA_y17,pi0,n,1.75,0.36,-0.33133,,,,,,E07-007 pair,sigma_T,,,yes,PRL 118 222002 (2017),410.43,231.643,0,22.199,23.4352,0,-152.733,49.5934,0,,,,,,,,,
HallA_y21,pi0,p,2.67,0.48,-0.3376,,,,,,4.49,sigma_U,,,no,PRL 127 152301 (2021),525.95,14.48,41.16,25.07,16.53,0.88,-29.14,43.88,1.02,,,,,,,,,
HallA_y21,pi0,p,2.67,0.48,-0.3676,,,,,,4.49,sigma_U,,,no,PRL 127 152301 (2021),520.4,16.36,40.73,-38.25,19.21,1.34,-7.88,45.79,0.28,,,,,,,,,
HallA_y21,pi0,p,2.67,0.48,-0.4076,,,,,,4.49,sigma_U,,,no,PRL 127 152301 (2021),488.33,17.33,38.22,-31.6,21.71,1.11,-55.44,47.02,1.94,,,,,,,,,
HallA_y21,pi0,p,2.67,0.48,-0.4676,,,,,,4.49,sigma_U,,,no,PRL 127 152301 (2021),480.77,23.45,37.63,-60.2,30.66,2.11,-116.12,57.67,4.06,,,,,,,,,
HallA_y21,pi0,p,3.11,0.36,-0.1957,,,,,,7.38,sigma_U,,,no,PRL 127 152301 (2021),195.46,3.66,11.93,7.05,3.19,0.25,-4.66,7.62,0.16,,,,,,,,,
HallA_y21,pi0,p,3.11,0.36,-0.2657,,,,,,7.38,sigma_U,,,no,PRL 127 152301 (2021),217.29,4.22,13.26,-5.97,3.81,0.21,-67.45,9.03,2.36,,,,,,,,,
HallA_y21,pi0,p,3.11,0.36,-0.3457,,,,,,7.38,sigma_U,,,no,PRL 127 152301 (2021),195.76,4.15,11.95,-11.55,4.01,0.4,-67.67,8.97,2.37,,,,,,,,,
HallA_y21,pi0,p,3.11,0.36,-0.4557,,,,,,7.38,sigma_U,,,no,PRL 127 152301 (2021),183.18,4.54,11.18,-28.08,4.63,0.98,-87.12,10.23,3.05,,,,,,,,,
HallA_y21,pi0,p,3.57,0.36,-0.1972,,,,,,8.52,sigma_U,,,no,PRL 127 152301 (2021),115.04,2.53,4.64,-2.37,2.18,0.08,-16.48,5.25,0.58,,,,,,,,,
HallA_y21,pi0,p,3.57,0.36,-0.2672,,,,,,8.52,sigma_U,,,no,PRL 127 152301 (2021),117.51,2.77,4.74,-9.7,2.54,0.34,-46.96,5.85,1.64,,,,,,,,,
HallA_y21,pi0,p,3.57,0.36,-0.3372,,,,,,8.52,sigma_U,,,no,PRL 127 152301 (2021),119.61,3.35,4.82,-5.32,3.52,0.19,-35.39,6.99,1.24,,,,,,,,,
HallA_y21,pi0,p,3.57,0.36,-0.4472,,,,,,8.52,sigma_U,,,no,PRL 127 152301 (2021),105.37,4.06,4.25,-15.08,4.61,0.53,-56.36,8.24,1.97,,,,,,,,,
HallA_y21,pi0,p,4.06,0.48,-0.3658,,,,,,8.85,sigma_U,,,no,PRL 127 152301 (2021),126.23,3.84,6.71,-3.93,3.36,0.14,-17.69,7.8,0.62,,,,,,,,,
HallA_y21,pi0,p,4.06,0.48,-0.4158,,,,,,8.85,sigma_U,,,no,PRL 127 152301 (2021),128.7,4.65,6.84,-9.18,4.45,0.32,-13.9,8.66,0.49,,,,,,,,,
HallA_y21,pi0,p,4.06,0.48,-0.4658,,,,,,8.85,sigma_U,,,no,PRL 127 152301 (2021),115.22,6.01,6.12,-16.42,6.24,0.57,-23.1,10.78,0.81,,,,,,,,,
HallA_y21,pi0,p,4.06,0.48,-0.5358,,,,,,8.85,sigma_U,,,no,PRL 127 152301 (2021),111.89,8.46,5.95,-18.01,8.97,0.63,-40.59,13.09,1.42,,,,,,,,,
HallA_y21,pi0,p,4.44,0.36,-0.1992,,,,,,10.59,sigma_U,,,no,PRL 127 152301 (2021),57.04,1.88,2.08,-1.84,1.44,0.06,-2.42,3.43,0.08,,,,,,,,,
HallA_y21,pi0,p,4.44,0.36,-0.2592,,,,,,10.59,sigma_U,,,no,PRL 127 152301 (2021),62.86,2.16,2.29,-0.23,1.83,0.01,-13.17,4.03,0.46,,,,,,,,,
HallA_y21,pi0,p,4.44,0.36,-0.3392,,,,,,10.59,sigma_U,,,no,PRL 127 152301 (2021),64.53,2.47,2.35,0.62,2.35,0.02,-13.49,4.66,0.47,,,,,,,,,
HallA_y21,pi0,p,4.44,0.36,-0.4492,,,,,,10.59,sigma_U,,,no,PRL 127 152301 (2021),51.63,2.56,1.88,-5.66,2.61,0.2,-28.8,4.76,1.01,,,,,,,,,
HallA_y21,pi0,p,5.16,0.48,-0.3841,,,,,,8.85,sigma_U,,,no,PRL 127 152301 (2021),70.45,2.53,2.47,0.04,2.23,0,-4.31,5.55,0.15,,,,,,,,,
HallA_y21,pi0,p,5.16,0.48,-0.4341,,,,,,8.85,sigma_U,,,no,PRL 127 152301 (2021),72.98,2.78,2.55,1.96,2.64,0.07,-13.84,5.89,0.46,,,,,,,,,
HallA_y21,pi0,p,5.16,0.48,-0.4941,,,,,,8.85,sigma_U,,,no,PRL 127 152301 (2021),65.77,3.17,2.3,-1.82,3.51,0.06,-19.81,6.74,0.69,,,,,,,,,
HallA_y21,pi0,p,5.16,0.48,-0.6041,,,,,,8.85,sigma_U,,,no,PRL 127 152301 (2021),58.49,3.74,2.05,-4.52,4.4,0.16,-22.46,7.55,0.79,,,,,,,,,
HallA_y21,pi0,p,5.49,0.6,-0.7291,,,,,,8.52,sigma_U,,,no,PRL 127 152301 (2021),92.48,1.42,4.26,-2.18,0.7,0.44,-3.29,1.67,0.12,,,,,,,,,
HallA_y21,pi0,p,5.49,0.6,-0.8491,,,,,,8.52,sigma_U,,,no,PRL 127 152301 (2021),86.89,1.39,4.01,-5.12,0.75,1.04,-4.28,1.66,0.15,,,,,,,,,
HallA_y21,pi0,p,5.49,0.6,-1.0091,,,,,,8.52,sigma_U,,,no,PRL 127 152301 (2021),78.96,1.38,3.64,-6.44,0.86,1.31,-17.84,1.74,0.62,,,,,,,,,
HallA_y21,pi0,p,5.49,0.6,-1.2791,,,,,,8.52,sigma_U,,,no,PRL 127 152301 (2021),63.43,1.37,2.92,-4.87,1.03,0.99,-13.65,1.82,0.48,,,,,,,,,
HallA_y21,pi0,p,6.56,0.48,-0.3811,,,,,,10.99,sigma_U,,,no,PRL 127 152301 (2021),33.48,1.6,1.54,-0.79,1.73,0.03,6.43,4.08,0.23,,,,,,,,,
HallA_y21,pi0,p,6.56,0.48,-0.4311,,,,,,10.99,sigma_U,,,no,PRL 127 152301 (2021),38.21,2.06,1.76,-0.39,2.39,0.01,2.15,5.14,0.08,,,,,,,,,
HallA_y21,pi0,p,6.56,0.48,-0.4811,,,,,,10.99,sigma_U,,,no,PRL 127 152301 (2021),31.61,2.35,1.46,-4.97,2.95,0.17,-4.24,5.56,0.15,,,,,,,,,
HallA_y21,pi0,p,6.56,0.48,-0.5411,,,,,,10.99,sigma_U,,,no,PRL 127 152301 (2021),43.74,4.23,2.02,11.91,5.51,0.42,-4.12,8.54,0.14,,,,,,,,,
HallA_y21,pi0,p,8.31,0.6,-0.7555,,,,,,10.59,sigma_U,,,no,PRL 127 152301 (2021),27.29,0.9,1.1,-0.36,0.48,0.01,-1.72,1.25,0.06,,,,,,,,,
HallA_y21,pi0,p,8.31,0.6,-0.8555,,,,,,10.59,sigma_U,,,no,PRL 127 152301 (2021),24.72,0.86,1,-0.75,0.48,0.03,-2.5,1.18,0.09,,,,,,,,,
HallA_y21,pi0,p,8.31,0.6,-0.9855,,,,,,10.59,sigma_U,,,no,PRL 127 152301 (2021),21.43,0.81,0.86,-2.43,0.49,0.09,-4.71,1.13,0.16,,,,,,,,,
HallA_y21,pi0,p,8.31,0.6,-1.2055,,,,,,10.59,sigma_U,,,no,PRL 127 152301 (2021),18.48,0.79,0.74,-1.2,0.58,0.04,-4.33,1.18,0.15,,,,,,,,,
HallA_y11,pi0,p,1.941,0.368,-0.1985,,,,,,5.752,sigma_U,,,no,PRC 83 025201 (2011),571,10,24,17,19,13,-39,19,7,,,,,,,,,
HallA_y11,pi0,p,1.941,0.368,-0.2185,,,,,,5.752,sigma_U,,,no,PRC 83 025201 (2011),600,12,25,-43,22,12,-110,24,13,,,,,,,,,
HallA_y11,pi0,p,1.941,0.368,-0.2425,,,,,,5.752,sigma_U,,,no,PRC 83 025201 (2011),641,12,27,-23,21,12,-141,22,17,,,,,,,,,
HallA_y11,pi0,p,1.941,0.368,-0.2725,,,,,,5.752,sigma_U,,,no,PRC 83 025201 (2011),673,15,28,-19,27,14,-174,28,17,,,,,,,,,
HallA_y11,pi0,p,1.941,0.368,-0.3065,,,,,,5.752,sigma_U,,,no,PRC 83 025201 (2011),645,16,27,-103,30,21,-319,29,23,,,,,,,,,
HallA_y11,pi0,p,1.941,0.368,-0.3465,,,,,,5.752,sigma_U,,,no,PRC 83 025201 (2011),636,25,27,-185,52,43,-352,45,53,,,,,,,,,
HallA_y11,pi0,p,1.941,0.368,-0.3945,,,,,,5.752,sigma_U,,,no,PRC 83 025201 (2011),628,36,26,-189,74,34,-343,57,68,,,,,,,,,
HallA_y11,pi0,p,2.35,0.369,-0.1999,,,,,,5.752,sigma_U,,,no,PRC 83 025201 (2011),377,10,12,-13,23,10,-12,23,14,,,,,,,,,
HallA_y11,pi0,p,2.35,0.369,-0.2199,,,,,,5.752,sigma_U,,,no,PRC 83 025201 (2011),381,12,12,38,26,24,-25,27,15,,,,,,,,,
HallA_y11,pi0,p,2.35,0.369,-0.2439,,,,,,5.752,sigma_U,,,no,PRC 83 025201 (2011),403,10,13,-25,22,11,-74,22,4,,,,,,,,,
HallA_y11,pi0,p,2.35,0.369,-0.2739,,,,,,5.752,sigma_U,,,no,PRC 83 025201 (2011),425,11,14,-26,25,13,-64,25,14,,,,,,,,,
HallA_y11,pi0,p,2.35,0.369,-0.3079,,,,,,5.752,sigma_U,,,no,PRC 83 025201 (2011),418,11,14,-75,24,9,-124,24,16,,,,,,,,,
HallA_y11,pi0,p,2.35,0.369,-0.3479,,,,,,5.752,sigma_U,,,no,PRC 83 025201 (2011),395,13,13,-91,30,8,-137,29,15,,,,,,,,,
HallA_y11,pi0,p,2.35,0.369,-0.3959,,,,,,5.752,sigma_U,,,no,PRC 83 025201 (2011),384,13,13,-123,31,10,-134,30,15,,,,,,,,,
COMPASS_y20,pi0,p,2,0.093,-0.08,,,,,,160,sigma_U,,,no,"COMPASS, Phys. Lett. B 805 135454 (2020)",16.3,3.6,2,0,0,0,0,0,0,,,,,,,,,
COMPASS_y20,pi0,p,2,0.093,-0.15,,,,,,160,sigma_U,,,no,"COMPASS, Phys. Lett. B 805 135454 (2020)",16.2,3.8,2.1,0,0,0,0,0,0,,,,,,,,,
COMPASS_y20,pi0,p,2,0.093,-0.22,,,,,,160,sigma_U,,,no,"COMPASS, Phys. Lett. B 805 135454 (2020)",11.5,2.6,1.5,0,0,0,0,0,0,,,,,,,,,
COMPASS_y20,pi0,p,2,0.093,-0.36,,,,,,160,sigma_U,,,no,"COMPASS, Phys. Lett. B 805 135454 (2020)",3.4,1.4,0.8,0,0,0,0,0,0,,,,,,,,,
COMPASS_y20,pi0,p,2,0.093,-0.5,,,,,,160,sigma_U,,,no,"COMPASS, Phys. Lett. B 805 135454 (2020)",1.5,1,0.4,0,0,0,0,0,0,,,,,,,,,
