source_tag,meson,target,Q2,xB,t,sigma_T,sigma_LT,sigma_TT,variant
"Kroll, calculation at one setting (All_experiment.xlsx)",pi0,p,2.21,0.275,-0.12,199.9973,3.0655,-33.3325,0
"Kroll, calculation at one setting (All_experiment.xlsx)",pi0,p,2.21,0.275,-0.17,216.721,4.1585,-74.0751,0
"Kroll, calculation at one setting (All_experiment.xlsx)",pi0,p,2.21,0.275,-0.25,217.1506,4.2475,-105.5793,0
"Kroll, calculation at one setting (All_experiment.xlsx)",pi0,p,2.21,0.275,-0.35,194.6358,3.566,-112.0978,0
"Kroll, calculation at one setting (All_experiment.xlsx)",pi0,p,2.21,0.275,-0.49,150.6936,2.4222,-95.9796,0
"Kroll, calculation at one setting (All_experiment.xlsx)",pi0,p,2.21,0.275,-0.78,75.5576,0.8189,-51.2216,0
"Kroll, calculation at one setting (All_experiment.xlsx)",pi0,p,2.21,0.275,-1.22,23.4769,0.0231,-15.5073,0
"Kroll, calculation at one setting (All_experiment.xlsx)",eta,p,2.21,0.275,-0.12,150.7133,1.9392,-5.0525,1
"Kroll, calculation at one setting (All_experiment.xlsx)",eta,p,2.21,0.275,-0.17,135.6249,2.6408,-11.2228,1
"Kroll, calculation at one setting (All_experiment.xlsx)",eta,p,2.21,0.275,-0.25,112.938,2.7163,-15.9812,1
"Kroll, calculation at one setting (All_experiment.xlsx)",eta,p,2.21,0.275,-0.35,88.3367,2.3048,-16.9442,1
"Kroll, calculation at one setting (All_experiment.xlsx)",eta,p,2.21,0.275,-0.49,61.4683,1.5964,-14.4727,1
"Kroll, calculation at one setting (All_experiment.xlsx)",eta,p,2.21,0.275,-0.78,28.2361,0.5818,-7.6707,1
"Kroll, calculation at one setting (All_experiment.xlsx)",eta,p,2.21,0.275,-1.22,8.8322,0.0531,-2.2881,1
"Kroll, calculation at one setting (All_experiment.xlsx)",pi0,N,2.21,0.275,-0.12,56.5243,0.7511,-26.9015,2
"Kroll, calculation at one setting (All_experiment.xlsx)",pi0,N,2.21,0.275,-0.17,85.62,1.0121,-60.1448,2
"Kroll, calculation at one setting (All_experiment.xlsx)",pi0,N,2.21,0.275,-0.25,105.9864,1.0163,-85.9037,2
"Kroll, calculation at one setting (All_experiment.xlsx)",pi0,N,2.21,0.275,-0.35,106.3334,0.83,-91.3245,2
"Kroll, calculation at one setting (All_experiment.xlsx)",pi0,N,2.21,0.275,-0.49,88.4085,0.534,-78.3089,2
"Kroll, calculation at one setting (All_experiment.xlsx)",pi0,N,2.21,0.275,-0.78,46.5801,0.1399,-41.9348,2
"Kroll, calculation at one setting (All_experiment.xlsx)",pi0,N,2.21,0.275,-1.22,14.3925,-0.0315,-12.7859,2
"Kroll, calculation at one setting (All_experiment.xlsx)",eta,N,2.21,0.275,-0.12,49.1161,0.2983,-0.7095,3
"Kroll, calculation at one setting (All_experiment.xlsx)",eta,N,2.21,0.275,-0.17,42.8407,0.409,-1.5908,3
"Kroll, calculation at one setting (All_experiment.xlsx)",eta,N,2.21,0.275,-0.25,34.314,0.424,-2.2836,3
"Kroll, calculation at one setting (All_experiment.xlsx)",eta,N,2.21,0.275,-0.35,25.9148,0.3636,-2.4455,3
"Kroll, calculation at one setting (All_experiment.xlsx)",eta,N,2.21,0.275,-0.49,17.4568,0.2567,-2.1224,3
"Kroll, calculation at one setting (All_experiment.xlsx)",eta,N,2.21,0.275,-0.78,7.7657,0.0999,-1.1741,3
"Kroll, calculation at one setting (All_experiment.xlsx)",eta,N,2.21,0.275,-1.22,2.4127,0.0143,-0.384,3
"Kroll, calculation at one setting (All_experiment.xlsx)",pi0,p,2.21,0.275,-0.12,207.8013,3.2981,-38.3163,4
"Kroll, calculation at one setting (All_experiment.xlsx)",pi0,p,2.21,0.275,-0.17,223.1262,4.2815,-77.9412,4
"Kroll, calculation at one setting (All_experiment.xlsx)",pi0,p,2.21,0.275,-0.25,221.9394,4.3184,-108.2249,4
"Kroll, calculation at one setting (All_experiment.xlsx)",pi0,p,2.21,0.275,-0.35,198.0979,3.6108,-113.8288,4
"Kroll, calculation at one setting (All_experiment.xlsx)",pi0,p,2.21,0.275,-0.49,153.0231,2.4502,-97.0283,4
"Kroll, calculation at one setting (All_experiment.xlsx)",pi0,p,2.21,0.275,-0.78,76.7214,0.832,-51.7007,4
"Kroll, calculation at one setting (All_experiment.xlsx)",pi0,p,2.21,0.275,-1.22,23.9299,0.0274,-15.6939,4
"Kroll, calculation at one setting (All_experiment.xlsx)",eta,p,2.21,0.275,-0.12,141.4206,0.4576,-0.2571,5
"Kroll, calculation at one setting (All_experiment.xlsx)",eta,p,2.21,0.275,-0.17,127.5363,1.9532,-5.5736,5
"Kroll, calculation at one setting (All_experiment.xlsx)",eta,p,2.21,0.275,-0.25,106.9174,2.2783,-10.088,5
"Kroll, calculation at one setting (All_experiment.xlsx)",eta,p,2.21,0.275,-0.35,84.661,2.0396,-11.7034,5
"Kroll, calculation at one setting (All_experiment.xlsx)",eta,p,2.21,0.275,-0.49,60.2093,1.4799,-10.6361,5
"Kroll, calculation at one setting (All_experiment.xlsx)",eta,p,2.21,0.275,-0.78,29.1866,0.5941,-6.1123,5
"Kroll, calculation at one setting (All_experiment.xlsx)",eta,p,2.21,0.275,-1.22,9.9295,0.087,-2.0256,5
"Kroll, calculation at one setting (All_experiment.xlsx)",pi0,N,2.21,0.275,-0.12,61.1963,0.8099,-30.9826,6
"Kroll, calculation at one setting (All_experiment.xlsx)",pi0,N,2.21,0.275,-0.17,89.3113,1.0437,-63.3052,6
"Kroll, calculation at one setting (All_experiment.xlsx)",pi0,N,2.21,0.275,-0.25,108.5882,1.0349,-88.0584,6
"Kroll, calculation at one setting (All_experiment.xlsx)",pi0,N,2.21,0.275,-0.35,108.0954,0.8421,-92.7261,6
"Kroll, calculation at one setting (All_experiment.xlsx)",pi0,N,2.21,0.275,-0.49,89.5158,0.5418,-79.15,6
"Kroll, calculation at one setting (All_experiment.xlsx)",pi0,N,2.21,0.275,-0.78,47.1003,0.1435,-42.3126,6
"Kroll, calculation at one setting (All_experiment.xlsx)",pi0,N,2.21,0.275,-1.22,14.5935,-0.0304,-12.9312,6
"Kroll, calculation at one setting (All_experiment.xlsx)",eta,N,2.21,0.275,-0.12,45.708,0.0642,-0.0297,7
"Kroll, calculation at one setting (All_experiment.xlsx)",eta,N,2.21,0.275,-0.17,40.1256,0.2991,-0.764,7
"Kroll, calculation at one setting (All_experiment.xlsx)",eta,N,2.21,0.275,-0.25,32.5098,0.3515,-1.3927,7
"Kroll, calculation at one setting (All_experiment.xlsx)",eta,N,2.21,0.275,-0.35,24.9439,0.3175,-1.6257,7
"Kroll, calculation at one setting (All_experiment.xlsx)",eta,N,2.21,0.275,-0.49,17.2118,0.2339,-1.4914,7
"Kroll, calculation at one setting (All_experiment.xlsx)",eta,N,2.21,0.275,-0.78,8.0726,0.0986,-0.8787,7
"Kroll, calculation at one setting (All_experiment.xlsx)",eta,N,2.21,0.275,-1.22,2.7048,0.0181,-0.3065,7
"Kroll, calculation at one setting (All_experiment.xlsx)",pi0,p,2.21,0.275,-0.12,200.8646,2.9847,-31.3796,8
"Kroll, calculation at one setting (All_experiment.xlsx)",pi0,p,2.21,0.275,-0.17,217.5684,4.126,-72.3835,8
"Kroll, calculation at one setting (All_experiment.xlsx)",pi0,p,2.21,0.275,-0.25,218.0217,4.2395,-104.3071,8
"Kroll, calculation at one setting (All_experiment.xlsx)",pi0,p,2.21,0.275,-0.35,195.5471,3.5701,-111.278,8
"Kroll, calculation at one setting (All_experiment.xlsx)",pi0,p,2.21,0.275,-0.49,151.6051,2.4322,-95.6103,8
"Kroll, calculation at one setting (All_experiment.xlsx)",pi0,p,2.21,0.275,-0.78,76.2822,0.8285,-51.2615,8
"Kroll, calculation at one setting (All_experiment.xlsx)",pi0,p,2.21,0.275,-1.22,23.8483,0.0274,-15.6124,8
"Kroll, calculation at one setting (All_experiment.xlsx)",eta,p,2.21,0.275,-0.12,141.2472,0.2611,-0.0837,9
"Kroll, calculation at one setting (All_experiment.xlsx)",eta,p,2.21,0.275,-0.17,127.3964,1.9285,-5.4338,9
"Kroll, calculation at one setting (All_experiment.xlsx)",eta,p,2.21,0.275,-0.25,106.8177,2.267,-9.9884,9
"Kroll, calculation at one setting (All_experiment.xlsx)",eta,p,2.21,0.275,-0.35,84.5953,2.0339,-11.6376,9
"Kroll, calculation at one setting (All_experiment.xlsx)",eta,p,2.21,0.275,-0.49,60.172,1.4773,-10.5989,9
"Kroll, calculation at one setting (All_experiment.xlsx)",eta,p,2.21,0.275,-0.78,29.1746,0.5935,-6.1002,9
"Kroll, calculation at one setting (All_experiment.xlsx)",eta,p,2.21,0.275,-1.22,9.9271,0.0869,-2.0232,9
"Kroll, calculation at one setting (All_experiment.xlsx)",pi0,N,2.21,0.275,-0.12,55.5174,0.7319,-25.3037,10
"Kroll, calculation at one setting (All_experiment.xlsx)",pi0,N,2.21,0.275,-0.17,84.7603,1.0054,-58.7542,10
"Kroll, calculation at one setting (All_experiment.xlsx)",pi0,N,2.21,0.275,-0.25,105.3787,1.0159,-84.849,10
"Kroll, calculation at one setting (All_experiment.xlsx)",pi0,N,2.21,0.275,-0.35,106.0045,0.8325,-90.6352,10
"Kroll, calculation at one setting (All_experiment.xlsx)",pi0,N,2.21,0.275,-0.49,88.3522,0.5378,-77.9864,10
"Kroll, calculation at one setting (All_experiment.xlsx)",pi0,N,2.21,0.275,-0.78,46.7388,0.1429,-41.9511,10
"Kroll, calculation at one setting (All_experiment.xlsx)",pi0,N,2.21,0.275,-1.22,14.526,-0.0303,-12.8637,10
"Kroll, calculation at one setting (All_experiment.xlsx)",eta,N,2.21,0.275,-0.12,45.6837,0.0276,-0.0055,11
"Kroll, calculation at one setting (All_experiment.xlsx)",eta,N,2.21,0.275,-0.17,40.106,0.2952,-0.7444,11
"Kroll, calculation at one setting (All_experiment.xlsx)",eta,N,2.21,0.275,-0.25,32.4957,0.3498,-1.3786,11
"Kroll, calculation at one setting (All_experiment.xlsx)",eta,N,2.21,0.275,-0.35,24.9347,0.3166,-1.6164,11
"Kroll, calculation at one setting (All_experiment.xlsx)",eta,N,2.21,0.275,-0.49,17.2065,0.2335,-1.4861,11
"Kroll, calculation at one setting (All_experiment.xlsx)",eta,N,2.21,0.275,-0.78,8.0708,0.0985,-0.8769,11
"Kroll, calculation at one setting (All_experiment.xlsx)",eta,N,2.21,0.275,-1.22,2.7044,0.0181,-0.3062,11
